NAME	TITLE	SCORE	
TSPO		4.7676954	
PGLYRP1		4.1420784	
C3AR1		4.1311717	
STRN3		4.059764	
HK3		3.7416105	
B3GNT2		3.5996666	
KREMEN1		3.5572526	
SFXN1		3.3674698	
G6PD		3.3008144	
PGD		3.2812452	
KCNJ2		3.252967	
LGALS3BP		3.236058	
ADAM19		3.197459	
MMD		3.1891835	
CD44		3.0993426	
CASP7		3.046965	
EMB		2.9653802	
FKBP5		2.901427	
PKM		2.8454401	
CYBB		2.8299475	
ARSB		2.8286088	
EZR		2.8255925	
MEI1		2.8104684	
CACUL1		2.7808354	
CD2AP		2.7737896	
ACTG1		2.7707224	
SYNE1		2.6119885	
ENPP4		2.6105201	
FKBP9		2.6044567	
DEGS1		2.5899754	
LTB4R		2.5828001	
OSBPL1A		2.5385385	
DNAJC3		2.5171561	
ERLIN1		2.5020773	
ANP32E		2.4507387	
SLCO4C1		2.4264662	
PSTPIP2		2.419787	
C6orf25		2.4160779	
UBQLN2		2.406157	
KL		2.3763573	
HK2		2.3679256	
S100A8		2.3549087	
ALPL		2.3431773	
PPP2R5B		2.268005	
BAK1		2.258591	
CLEC4D		2.240582	
LNPK		2.230534	
FAM160B1		2.2000785	
SH3BGRL2		2.1985066	
WASL		2.1929479	
CKAP4		2.1871247	
HHEX		2.187086	
SRPK1		2.176177	
L3MBTL3		2.1435652	
ERO1A		2.1213298	
RP6-159A1.3		2.1033092	
CD300LD		2.0566778	
CYB5R3		2.031281	
UBTD1		2.0280857	
RASSF3		2.010465	
LYPLA2		2.0022867	
ARG1		2.001472	
PADI4		1.9945441	
GLTP		1.9878875	
CARD6		1.9809368	
CSGALNACT2		1.9809335	
ITGB1		1.9719177	
IPO11		1.960884	
TPM3		1.9580218	
CTSH		1.957706	
PNPLA1		1.9384614	
SCCPDH		1.9226054	
PLBD1		1.9176475	
KIF1B		1.9145268	
GPR84		1.9038104	
USF1		1.9029195	
HGF		1.878605	
PPP1R2P1		1.8736565	
OLAH		1.8641394	
TOB1		1.8381075	
MOB3C		1.8360734	
SLC16A3		1.8305273	
CCNG1		1.8288441	
F12		1.8204223	
FEM1C		1.8070747	
ARRDC3		1.7892212	
FLOT2		1.7731879	
CLEC6A		1.7627745	
NCKAP1L		1.7584069	
TRPV2		1.7543281	
GALC		1.7476928	
ENSA		1.7464746	
LIMD2		1.7270283	
RAC2		1.7087018	
TPGS2		1.7049631	
MICU1		1.6973428	
DACH1		1.6926768	
PIP4K2A		1.6922532	
TSPYL1		1.6895767	
LIG4		1.6884991	
ESYT2		1.6785594	
CYSTM1		1.6783822	
LARP1		1.6759981	
ACTB		1.6737118	
ECHDC3		1.6703436	
ARNT		1.6605942	
RP11-147L13.12		1.6566528	
ZNF608		1.6514411	
H6PD		1.6483053	
LBR		1.6427767	
CASP2		1.638709	
ACAA2		1.6309435	
FNDC3A		1.6303359	
ACTA2		1.615944	
CDA		1.6138092	
BTNL3		1.6114663	
CNOT4		1.6109859	
LOXHD1		1.6047003	
ADD3		1.5952063	
RP11-47L3.1		1.5949117	
PTEN		1.5716238	
HIST1H2AI		1.569192	
ARHGEF6		1.5687706	
NCF4		1.567622	
SLC35A4		1.5514123	
NAA16		1.5329667	
SAR1A		1.5260805	
ZC3HAV1		1.5093161	
CAPN1		1.5075926	
DEF6		1.5016967	
GNS		1.5007274	
LTF		1.4916801	
NDST1		1.4740455	
SPAG6		1.4713256	
ESD		1.4701887	
PLBD1-AS1		1.4672246	
SOAT1		1.4662727	
BCL10		1.4597508	
NQO2		1.4541571	
RP11-327P2.5		1.4510887	
SNX1		1.4492218	
HIST1H3E		1.4475439	
FGR		1.4451774	
CDC42SE2		1.4440724	
GDF11		1.4437208	
HSPA1L		1.4377037	
CAST		1.4354417	
SIRT5		1.4296695	
ERAP2		1.423686	
AP1G2		1.4169317	
CYFIP2		1.4145817	
TSPAN14		1.4133428	
SERPINB1		1.4042836	
ECHDC1		1.403719	
MPP7		1.3947476	
TOR1AIP1		1.3933904	
TRAF3IP3		1.3931401	
MCRIP1		1.3850647	
MTMR6		1.3798934	
SHC1		1.3774803	
ARL6IP6		1.3762367	
TRAFD1		1.3746971	
TNFAIP3		1.3743044	
APEX2		1.3726798	
DHRS1		1.3718987	
KBTBD6		1.3563586	
GJB6		1.3400226	
PIP4K2C		1.339726	
C17orf62		1.3397152	
SMIM3		1.3369024	
GRK6		1.3321989	
CSNK1G3		1.3321011	
TSC22D1		1.3158604	
IKBKG		1.3122667	
CBX8		1.3032609	
FAM126B		1.2988333	
APOBEC3C		1.2962995	
ALAS1		1.2947959	
TMEM255B		1.2818849	
SDHA		1.2668324	
RGL4		1.2653861	
PLAU		1.2527236	
P4HB		1.2498717	
IMPACT		1.2479957	
R3HDM2		1.2469596	
ALDH3B1		1.2468544	
TUBG1		1.2406226	
ARHGDIA		1.2404017	
DGAT2		1.235746	
IVD		1.2264489	
MFAP3		1.2232836	
NRN1		1.2220373	
CDKN1A		1.2194523	
LMNB1		1.2163132	
EIF4H		1.2151144	
AQP9		1.2150103	
SAT2		1.2136599	
GNG2		1.2109854	
SYNGR2		1.2092724	
MOSPD3		1.1970972	
RPH3AL		1.1935258	
FLNA		1.1912585	
SPI1		1.1888969	
APOL2		1.1875808	
SLC22A4		1.1842839	
CTD-2186M15.3		1.1751151	
TBCD		1.1730282	
STAT2		1.1726168	
PAM		1.1686213	
CCDC88C		1.1646518	
FAM172A		1.1627672	
ACBD5		1.1535438	
ANO6		1.1508234	
LIMS1		1.1470689	
FER		1.1468335	
DHX58		1.1462525	
TPST2		1.1442131	
MAFG		1.1407936	
SLC39A1		1.1261452	
REL		1.125595	
R3HCC1L		1.1232245	
TANGO2		1.1174896	
RHOC		1.116025	
TM9SF2		1.1138515	
CRISP3		1.1114895	
TMEM254		1.1086477	
RNMT		1.1075337	
ZNF624		1.1067587	
FOXN2		1.102277	
SLAMF7		1.101722	
ARL8A		1.1000042	
UNC119		1.096052	
RNF149		1.0864747	
ZNF362		1.085297	
SLC30A7		1.0840874	
ARHGAP19		1.0818263	
TTC8		1.0801983	
SLC25A44		1.0788913	
LINC00671		1.0777924	
LCP1		1.0754632	
SAP30L-AS1		1.0722171	
BAD		1.0653	
CARS2		1.0635039	
RP11-283I3.6		1.0592849	
C5orf30		1.0588522	
C1orf162		1.0534106	
CPEB3		1.0507045	
PELO		1.0443957	
ZDHHC16		1.0439836	
ANKRD22		1.0324047	
DUSP3		1.0318775	
C10orf54		1.0284865	
SLC17A5		1.0271932	
TMTC3		1.0235053	
TRABD		1.0234969	
HELB		1.0224228	
ETNK1		1.0208879	
GMDS		1.0188924	
ROPN1L		1.0172813	
SMAD5		1.0166352	
RP13-36G14.4		1.0100385	
MAD1L1		1.0094653	
CCDC127		1.0093387	
RAB27A		1.0055819	
OS9		1.003967	
PAN3		1.003409	
USP39		1.0014071	
ARMC7		1.0012352	
SGMS1		1.0005265	
KCTD2		1.0001873	
BRD1		0.99606377	
RAB5C		0.9945601	
ARID5B		0.9921907	
PCMT1		0.9918513	
FCER1G		0.99058795	
DENND2D		0.9885646	
FASTKD3		0.98162	
PRKAR1A		0.9803077	
DEDD		0.9796372	
THAP3		0.97835547	
SCYL3		0.9761001	
TMED7		0.9717762	
MPST		0.9684467	
ZNF513		0.9662284	
ATXN1		0.9660436	
C2orf68		0.9625629	
DESI1		0.9553178	
SIL1		0.95499265	
TAPBP		0.95381004	
ZMAT2		0.95111036	
MAPK6		0.9507306	
LIMK2		0.9502929	
PSAP		0.94976467	
CPNE8		0.9475715	
TMEM169		0.9458883	
RP11-367G6.3		0.9452043	
WASH2P		0.94469947	
CSNK1A1		0.9425173	
PIK3CG		0.9361062	
TWSG1		0.9326691	
TTC26		0.9292934	
HDAC3		0.92908263	
LMAN2		0.9249871	
ELF1		0.91718286	
LIPN		0.9170928	
MYO16-AS1		0.9157347	
FGD4		0.91348135	
PDLIM1		0.9091694	
ENC1		0.90576553	
HLA-E		0.9045593	
KBTBD7		0.8971731	
LCLAT1		0.896571	
RP11-429G19.3		0.8939764	
GP1BA		0.89120114	
AEBP2		0.8896838	
NECAP2		0.8895974	
CD163		0.88634413	
RP11-1334A24.6		0.884999	
LMO4		0.8817429	
LTA		0.8816379	
TMCO3		0.8812741	
RP1-161N10.1		0.8812211	
GALNT4		0.88055253	
CSRP1		0.87846464	
TRAF3IP2		0.87624913	
CDK5R1		0.87615126	
ITGA1		0.8749054	
OXLD1		0.87413913	
CTD-2006K23.1		0.870072	
ABLIM1		0.8679024	
RP11-321E2.3		0.8660653	
IRAK4		0.86182904	
B3GALT4		0.86034644	
BTG1		0.8597812	
KLRD1		0.8554241	
CWF19L1		0.8546778	
ATAD1		0.8542609	
RNF167		0.85380775	
OSTM1		0.852893	
VPS37B		0.8518268	
HIPK2		0.8509175	
C1orf56		0.8484224	
EXOC2		0.8477098	
GPALPP1		0.8447417	
MIR223		0.8435704	
RBBP8		0.84246373	
RP11-1C1.4		0.8394105	
NFE2		0.8391714	
CHMP6		0.8344841	
ELMSAN1		0.8341758	
USP22		0.8325358	
ACTN1		0.82930803	
CCNYL1		0.82827306	
STARD3		0.82784534	
LGALS9DP		0.8274522	
CETN3		0.81964654	
ZC3H10		0.81948155	
HK1		0.81520605	
RAD51B		0.81148165	
RASGEF1A		0.8077671	
ZFAND2B		0.8077514	
MTO1		0.8065683	
FUBP1		0.80581063	
OR7E140P		0.8042233	
CTB-41I6.2		0.80264914	
SLC25A11		0.8002752	
ARID2		0.7970906	
ADIPOR1		0.7958972	
GPANK1		0.7953812	
NBEAL1		0.79444504	
SERPINB8		0.79390615	
IRF1		0.79314137	
PEX19		0.79296345	
SHOC2		0.79242265	
PRKAB1		0.79067457	
SGSM2		0.78908813	
PGAM1		0.7879251	
TGFA		0.78787977	
FNIP1		0.7839931	
PDLIM7		0.78347105	
LRCH4		0.7827261	
FCHSD1		0.78116935	
MSRB3		0.7776463	
LY6G5C		0.7755281	
SRI		0.77548724	
HIST1H2BK		0.7743027	
C5orf22		0.76944137	
PFKFB3		0.7671715	
STAM		0.7660465	
PARP4		0.76573133	
SLC12A2		0.76467955	
SERINC5		0.76376027	
MXD3		0.7603589	
FBXO7		0.7599555	
PHF5A		0.7570186	
RTN3P1		0.75440985	
ARL11		0.7527044	
SNAP47		0.75177217	
ZNF106		0.7503908	
IMPDH1		0.74645346	
AGFG1		0.74557316	
DHRSX		0.744171	
ATP11A-AS1		0.7415546	
ARF6		0.7412229	
NNT		0.74065965	
HIST1H3H		0.74013925	
NCSTN		0.7391089	
NEDD4		0.73624897	
FAM46A		0.73490727	
MLX		0.734489	
RFLNB		0.7338873	
SGSM3		0.7330874	
ZKSCAN3		0.7326326	
GM2A		0.7300389	
PPP1R10		0.7297391	
EMILIN2		0.7283693	
MIEF2		0.7281392	
RP11-304F15.3		0.7277658	
NAXD		0.7254431	
TAGLN2		0.72509456	
AOC1		0.7250247	
TNPO3		0.72153413	
RP3-402G11.25		0.7203866	
CLINT1		0.7181013	
MKL1		0.71549445	
AGPAT1		0.71506166	
CTB-131B5.2		0.71357983	
YWHAE		0.7132974	
RAB11FIP4		0.709247	
PRUNE1		0.7078682	
NUTM2A-AS1		0.7076107	
SIRPAP1		0.7054033	
AP1S2		0.7048812	
DDX39B		0.7020001	
RNU2-6P		0.70100194	
FAM60A		0.7009189	
ZDHHC17		0.7005031	
PNPLA6		0.69862956	
CD300E		0.69740415	
RP11-977B10.2		0.6953129	
ARSA		0.6950736	
LATS1		0.6945465	
SF3B4		0.69420606	
OXER1		0.693968	
STK36		0.6909501	
SLC4A1AP		0.6889282	
NADK		0.6853173	
PTPN7		0.68239343	
DUSP18		0.680589	
TNFRSF14		0.6777688	
LARP4B		0.6773155	
ACVR1B		0.6771809	
FBXO34		0.67716527	
SUN2		0.6765386	
EXOC5		0.6757526	
MFSD14A		0.673472	
TREML3P		0.66701716	
ARF1		0.6655092	
NDUFA9		0.66441137	
SGTB		0.6642172	
HMGCS1		0.6641116	
CKB		0.6630588	
TMEM187		0.6596323	
DIAPH1		0.6587935	
CSNK1E		0.6585826	
ZBTB14		0.6572805	
APBA3		0.6548663	
RNF138		0.6545992	
VAMP3		0.6526611	
HNRNPH1		0.65246344	
AC079325.6		0.6517575	
CTA-217C2.2		0.65050715	
RNF41		0.6497985	
ZSCAN16-AS1		0.6462433	
TMCO6		0.6445338	
MARCH3		0.64169604	
ELOVL5		0.6413142	
RP1-292L20.3		0.63638484	
RMND5B		0.6359475	
ZDHHC20		0.63572824	
SLC9A3R1		0.635076	
ITGB4		0.6340124	
RP11-67C2.2		0.63250726	
CNIH4		0.6317682	
DAXX		0.63169646	
ATP8B4		0.6308544	
RNF144A		0.63055867	
FKBP1C		0.63054967	
PLAC9		0.6282929	
SUCLG1		0.62666225	
ATXN7L3B		0.62536776	
ADAM17		0.6232853	
F2RL1		0.62260133	
MCU		0.62190545	
RP11-521C22.2		0.6206978	
CXCR1		0.6203818	
CRLF3		0.6173497	
RP11-61L19.3		0.61641306	
NFKBIL1		0.6143572	
HIST1H2AE		0.61341405	
CTNNA1		0.6128841	
PRRC1		0.6127341	
GALK1		0.6107977	
FAM102B		0.609443	
WDR41		0.6086413	
TRIM39		0.60680497	
HSPA1B		0.60592663	
RP11-468E2.10		0.60520303	
SNX27		0.605196	
NSUN6		0.60436004	
ZNF438		0.6030883	
E2F6		0.6002234	
RP11-47I22.2		0.5957567	
DLGAP1-AS2		0.5953229	
PDE4D		0.5950349	
CTDSP1		0.5948263	
WDFY2		0.5900461	
HIF1AN		0.5887504	
TBX19		0.5858327	
CPT2		0.58572453	
SPARC		0.58504546	
RPL4P6		0.58477783	
RIOK3		0.5841411	
SLC25A40		0.58236575	
RP11-476D10.1		0.5800851	
INPP1		0.5800833	
DDAH2		0.5798229	
MARCH5		0.57872945	
ZBTB7B		0.5784709	
MPDU1		0.5783185	
RP1-193H18.2		0.57784	
PEX13		0.57772565	
CCDC137		0.576684	
ETV7		0.5734489	
C1R		0.57344013	
UBAC2		0.57274026	
MARCH6		0.5699152	
NHLRC2		0.5698875	
EWSR1		0.5697705	
CCDC170		0.56966406	
POLDIP3		0.5682038	
PHLPP1		0.56750333	
SLC46A3		0.56729275	
GMFB		0.5635511	
HEIH		0.5586954	
PARVB		0.55831754	
CYTH3		0.5566492	
C1RL-AS1		0.55564016	
MCTP1		0.55538845	
SREBF2		0.5549422	
RP11-390P24.1		0.55465555	
IFT27		0.55442023	
SEC24C		0.55356634	
ARL5B		0.5515523	
PEX6		0.5508907	
TRAPPC6B		0.5505588	
TMEM30A		0.5490674	
PRDM1		0.5464129	
IRF9		0.5460285	
SYTL1		0.54418874	
TBL2		0.54345435	
ZMYM4		0.54332006	
METTL7A		0.5430001	
NAIP		0.5425272	
ANKMY1		0.53869605	
AFG3L2		0.5381875	
RAP2C-AS1		0.53566396	
RP4-655C5.4		0.53523636	
ASB8		0.53464097	
RP11-298I3.1		0.53459907	
ZNF76		0.5333843	
WBP1L		0.532653	
SREK1IP1		0.5323491	
TAOK3		0.53200096	
GPR132		0.53012127	
KIAA0930		0.5276528	
HERPUD2		0.52640957	
GIT2		0.52621233	
F13A1		0.52615136	
MYH9		0.52576137	
DSC2		0.5254296	
P4HA1		0.5251241	
SUCLA2		0.52510756	
LRRC75A-AS1		0.52449775	
SAMM50		0.5217382	
FAM63A		0.51988894	
UHMK1		0.5194244	
UBXN2A		0.51940596	
ABHD13		0.51841193	
CDK14		0.51835257	
RREB1		0.5172724	
WDR55		0.51649725	
RP11-1398P2.1		0.51635253	
PPIAP29		0.5142217	
RP11-73E17.2		0.51228255	
LINC00937		0.5118935	
RBBP4		0.51017237	
TMEM170B		0.5087665	
TAF1A		0.5079926	
G3BP1		0.5071948	
PHB2		0.5069638	
ZNF396		0.50692666	
FBXO38		0.5064162	
PDAP1		0.5024398	
SLF2		0.5024386	
UBE2J2		0.50209117	
RP1-34B20.4		0.50200343	
PAPSS2		0.5004241	
PGM3		0.49999747	
RP11-96H19.1		0.49964997	
SNX14		0.49831462	
SGSH		0.49654582	
AC091878.1		0.4965249	
LAPTM5		0.49469623	
ZNF630		0.49372685	
TTC7B		0.4919588	
NHLRC3		0.49027705	
RP3-368A4.5		0.48844427	
KLLN		0.4883868	
RECQL5		0.48681796	
GBP5		0.48513275	
WDR25		0.48501375	
HCG11		0.48462078	
TMPO		0.48389086	
CNOT8		0.48361245	
ZBED1		0.4824447	
NIPSNAP1		0.48234275	
PHYKPL		0.48199585	
GARS		0.4815895	
WSB1		0.48107287	
ACTR3C		0.48034105	
UBE2B		0.47752035	
DBN1		0.47707453	
TMEM260		0.47682074	
BIK		0.47492674	
RFX5		0.4745724	
LRRC75A		0.47392622	
PIM3		0.47334257	
UBE2D2		0.47053015	
TYSND1		0.47037336	
F2RL2		0.47016984	
CCDC57		0.46896052	
C1GALT1		0.46872038	
LINC00398		0.468214	
PUDP		0.46731606	
SP1		0.4668841	
PGGT1B		0.46644855	
MAP3K3		0.46600777	
TTLL12		0.46564916	
TGDS		0.46488458	
IL6R		0.4636614	
DDX23		0.46209663	
HMGCR		0.46197277	
GPBP1L1		0.46183065	
EFCAB14		0.46077383	
CNDP2		0.46021825	
BNIP3		0.45821568	
MAP2K6		0.45671737	
MIR4453		0.45539784	
PYROXD1		0.45355523	
MCM9		0.4531184	
AURKB		0.45144755	
RAB3IP		0.45097265	
ATP2A2		0.44947332	
FBN2		0.44937193	
RILPL2		0.44866264	
NIT1		0.4480867	
FCGR1A		0.44739905	
PRKAG2		0.44237563	
GCLM		0.44147962	
C2CD5		0.43998608	
RP5-1180D12.1		0.43864906	
SEPT2		0.4379189	
LMBR1L		0.43775818	
C12orf75		0.43771875	
ALG12		0.43768713	
RAB31		0.43625674	
UBE3A		0.4355755	
DTWD1		0.43439028	
SPPL2B		0.434274	
SEL1L		0.43402258	
NUB1		0.4324162	
CTD-2588E21.1		0.43170932	
CUL1		0.4292737	
RHBDD2		0.42905834	
TBKBP1		0.4287717	
RNF25		0.42757168	
RP5-882C2.2		0.42652753	
FAM63B		0.42458355	
SPATA13		0.42454216	
SLC38A9		0.42346758	
SBNO1		0.42221096	
TRIM27		0.42105582	
SGPL1		0.41930604	
SP4		0.41771108	
CDC42EP3		0.41581988	
GRB2		0.41578412	
ISOC1		0.41549128	
PDK4		0.41543075	
APOL6		0.41507903	
C17orf80		0.4149538	
RNGTT		0.41487336	
REEP3		0.4143374	
PACSIN2		0.41404784	
CMAS		0.4136583	
HPD		0.41186297	
C6orf120		0.4081529	
ARRB2		0.40775254	
HDHD2		0.40647316	
RP3-508I15.21		0.40488502	
NT5C		0.40473813	
PIP5K1A		0.4045767	
TYW5		0.40366587	
PLAUR		0.40193188	
EXOC7		0.40108305	
TMEM116		0.4000965	
WSB2		0.39955977	
APAF1		0.39856476	
RNF146		0.3978237	
RP11-10L12.4		0.39781392	
UQCRC1		0.39547056	
HGS		0.3937501	
FCGR2A		0.39281777	
GMPPA		0.39272532	
C10orf11		0.3922027	
RP11-142A22.3		0.39005837	
NARF		0.38864872	
ANKRD33B		0.38760608	
BLOC1S1		0.38691065	
SP3		0.38683653	
SDPR		0.3861144	
PRRC2A		0.38575324	
MYL6B		0.38533068	
TBXAS1		0.3839867	
AVL9		0.38382456	
PINK1		0.38370636	
MCAT		0.3831711	
KLHL28		0.38216865	
PROSER1		0.37860468	
PAIP1		0.37630856	
KIF5B		0.37585947	
ARF5		0.37467104	
SNX8		0.3741098	
KATNA1		0.37385017	
ZNF184		0.37380716	
FICD		0.372965	
PLPP3		0.3712845	
PDS5B		0.37110808	
ANKRD10		0.37090847	
BCAP31		0.36906716	
WBP2		0.36610433	
HNRNPA0		0.36565092	
CYTH1		0.36533794	
TRAPPC2		0.36526796	
RP11-248J18.3		0.3649873	
RP11-74J13.8		0.3649045	
AMN1		0.364811	
C18orf25		0.36260045	
HIVEP2		0.36197394	
ARHGAP26-IT1		0.36131105	
PAF1		0.3608351	
CLEC7A		0.36025566	
GRPEL2		0.35960805	
HIVEP1		0.35888657	
TOM1		0.35874933	
APOPT1		0.3586485	
RP11-399O19.9		0.35838592	
WIZ		0.35672352	
HFE		0.35629392	
RP11-511B23.2		0.35627803	
SNAP23		0.35611358	
RNF145		0.35602042	
ANKRD55		0.35585293	
PAPD4		0.35356352	
GRAMD1B		0.35244504	
CC2D1B		0.35147953	
ANXA2R		0.35028452	
HSPA9		0.35022688	
MED20		0.34916016	
SSR1		0.34895822	
AKR1C3		0.3482433	
HIST1H2BE		0.34475923	
VPS4B		0.34263155	
LDLRAD4		0.34242254	
RARA		0.34236437	
ABHD16A		0.34185207	
NT5C3A		0.34133703	
CYB5R4		0.340397	
APOBEC3G		0.33975166	
GTF3A		0.3385397	
NFATC1		0.33839077	
MFSD13A		0.33751106	
HS2ST1		0.33704647	
PJA2		0.3367772	
SMDT1		0.33597296	
RP3-424M6.4		0.33355078	
KCNH3		0.33169487	
DUSP13		0.33098832	
COQ3		0.33024156	
KIAA0319L		0.33021364	
GALNT14		0.32935712	
ZNF516		0.32843396	
RMND5A		0.32807234	
ZBTB2		0.3271512	
DYNLT3		0.32662514	
WDTC1		0.32571566	
LRRK2		0.3246315	
KDM6B		0.32382044	
TMEM161B		0.32345253	
AP3M1		0.32257897	
TREML4		0.32240233	
LRRC37A4P		0.3205901	
FBXO30		0.31859273	
POGK		0.3183844	
DOPEY1		0.31826854	
SLC25A6		0.31779546	
RP11-427L15.2		0.3177648	
USP21		0.31760782	
DDIT4		0.31718087	
HIST1H4I		0.31700203	
TUBA1B		0.3157517	
AC093838.4		0.31551203	
TFDP1		0.3151751	
MAPK1IP1L		0.31507438	
PLAGL1		0.31437197	
ITPRIP		0.31426966	
CCDC167		0.31283933	
P2RX4		0.31157985	
CERS2		0.31140536	
LINC00989		0.31135434	
SUPT20H		0.3097118	
ADAR		0.3090644	
IL17RA		0.30893564	
DNAJC3-AS1		0.3087407	
CKAP2		0.30831924	
DRAM1		0.30758587	
CSK		0.30735126	
RP11-326I11.4		0.30724666	
C22orf46		0.3065803	
HIST1H2AL		0.30560514	
IFNGR1		0.30412108	
PIGV		0.30224335	
CHPF2		0.30218506	
CCDC69		0.30135265	
ABI1		0.2996613	
NEU1		0.29834768	
CLIP1		0.29787245	
THAP4		0.29747602	
FXR2		0.2941685	
ENOX2		0.29259428	
DYNLL2		0.2914779	
HLA-DOB		0.2911642	
TBC1D9B		0.29063275	
LHFPL2		0.2900456	
SERPINA1		0.2900441	
B4GALT3		0.29000917	
ECD		0.28973553	
KIF2A		0.28965202	
ACSL5		0.28917497	
ENTPD1		0.28893948	
GSTO1		0.28848812	
HLA-G		0.2877333	
GABBR1		0.28590125	
ZFAND4		0.28454414	
LATS2		0.28354564	
HSF2		0.28249422	
ZBTB22		0.28219086	
TMEM11		0.28212819	
PYCR2		0.28031376	
ZMAT5		0.27994522	
AQR		0.27958435	
NUP43		0.2795698	
PPP2R5C		0.2785865	
FBXL15		0.27857327	
TOMM40L		0.27840543	
SCAMP1		0.27815372	
VPS13C		0.27748242	
MIA3		0.27565575	
RAB20		0.2753545	
LINC00909		0.27470297	
RP11-676B18.1		0.2746083	
BRD9		0.27328292	
TDRD9		0.2729076	
CPSF2		0.27263665	
IKZF5		0.27255988	
UBXN11		0.27221212	
C6orf47		0.27083054	
ERCC3		0.2706436	
TARS2		0.27049932	
HMGN2P8		0.26987526	
SEC24A		0.26933053	
GDI1		0.26898393	
PSMG2		0.2686693	
APOL1		0.26630747	
PANK3		0.26594126	
SOCS3		0.26561472	
NFAM1		0.2655023	
THOC5		0.26474676	
DOK3		0.26380098	
STRADA		0.2624701	
TBK1		0.26183698	
RAVER2		0.2615391	
RP1-240K6.3		0.2614945	
ATP11A		0.2603011	
SUPV3L1		0.25843713	
CDK2		0.25700143	
UBXN10		0.25596675	
NBR2		0.25560877	
RBP7		0.25481	
SH3RF3		0.2546056	
SLC36A1		0.2530361	
DCTN2		0.25288355	
RP11-89H19.1		0.2527648	
COL4A3BP		0.2512183	
CTB-58E17.1		0.2507994	
PDK1		0.24883632	
NRF1		0.24810658	
PQLC1		0.24803126	
CPD		0.24787295	
MARCKS		0.24755906	
PLXNC1		0.24714023	
ZNF384		0.24572453	
CLN5		0.24444862	
KLHL21		0.24357706	
PEX12		0.2435137	
VPS52		0.24248643	
APOL3		0.24226071	
RNU2-27P		0.2410792	
RUBCNL		0.23989575	
SOCS5		0.23981653	
FANCB		0.23955825	
ANKRD6		0.23839757	
ASLP1		0.23784213	
GLRX2		0.23774359	
RP11-334C17.5		0.23757939	
CUEDC2		0.23623635	
CD300LF		0.2359748	
PRF1		0.23509386	
RAB24		0.23477532	
NUP88		0.23450632	
BTN2A2		0.23208496	
PDCD4		0.23105708	
XIST		0.23072708	
GMEB1		0.23048982	
KCNRG		0.2294977	
EXOC6		0.22939084	
RNF34		0.22868419	
CNOT6		0.22755168	
SLC7A7		0.22741894	
SFXN4		0.22735512	
VAT1		0.22653897	
BORCS6		0.22591366	
SUOX		0.22514027	
PDE6G		0.22501653	
CD1D		0.22440794	
CBX6		0.2240424	
KMT5A		0.22362462	
CD53		0.2229545	
C5orf67		0.22229035	
RP11-88E10.5		0.22194268	
SLC25A46		0.22167072	
MIATNB		0.22027136	
RP11-611O2.1		0.21927361	
MMGT1		0.21924157	
CEP162		0.21810006	
FAM127B		0.21801127	
ST7L		0.21796422	
FAM114A2		0.21749893	
PLD2		0.21683544	
LINC01513		0.21584688	
SIKE1		0.21485013	
RAB32		0.21438247	
RP11-651L5.3		0.21392788	
POLI		0.21264493	
NFE2L3		0.21216308	
DUSP22		0.21082509	
MINK1		0.21053405	
CREG1		0.20926762	
CCDC91		0.20893857	
CTDP1		0.20798728	
PILRB		0.20790705	
ZNF195		0.20759639	
HDAC2		0.20665002	
MTPN		0.20656516	
DSTNP2		0.20646523	
ANXA11		0.20616797	
GNB1L		0.20574087	
UBE2G1		0.20499761	
SKA2		0.20406361	
RP4-633O19__A.1		0.20303078	
RB1		0.2024624	
ARHGAP25		0.20217423	
REPS2		0.20162793	
GRB10		0.20114814	
VCAN		0.20066702	
FBXO28		0.19991818	
PITRM1		0.19955297	
ME2		0.19933508	
MTFMT		0.19816738	
FTH1P5		0.19774812	
IRS2		0.19763036	
BLOC1S5		0.19535635	
RHEBL1		0.19510478	
NAMPTP1		0.19466835	
NAMPT		0.19263011	
UTP14C		0.19103937	
MRPS33		0.18964233	
RP11-497H16.7		0.18893798	
GEN1		0.18856281	
RP11-396M11.1		0.18855707	
RP11-59D5__B.2		0.18853688	
MCMBP		0.18838784	
SERPINB6		0.1875052	
NF2		0.18717553	
BTRC		0.1868698	
C22orf34		0.18670462	
ASB16-AS1		0.18546222	
RASGRP2		0.18507387	
ATP7B		0.18366136	
UFL1		0.1832099	
TFCP2		0.1827553	
POLA2		0.18162428	
KANSL1		0.18124734	
SQSTM1		0.1812355	
BPNT1		0.1810548	
C18orf8		0.18100671	
TRMT2B		0.18082	
NEDD9		0.18049315	
F11R		0.17968029	
NLGN3		0.17841364	
ETFBKMT		0.17714831	
CHAMP1		0.17655724	
C1GALT1C1		0.1759668	
MYO18A		0.17587146	
MLLT6		0.17565913	
MSH3		0.1755988	
RNH1		0.17478496	
TMEM87B		0.17475544	
VAPA		0.17467105	
PPP1R11		0.17191544	
XPOT		0.17191488	
NSD1		0.1702815	
PIK3AP1		0.16973186	
PQLC3		0.16875528	
GPR183		0.16790523	
RP11-799M12.2		0.16782239	
USP30		0.16693626	
VMA21		0.16657731	
TEX2		0.16656303	
SDCBPP3		0.16458233	
STK24P1		0.163783	
PANK4		0.16331434	
FAM76A		0.16177745	
BORCS5		0.16066943	
ZNF322		0.1601838	
CAMK1D		0.16004106	
TMEM106B		0.15995367	
MCRS1		0.15949342	
RPIA		0.15888658	
PSME3		0.1588617	
LAT2		0.1585082	
CALCOCO2		0.15719451	
RPL12P27		0.15717278	
SEH1L		0.15661035	
MGAT4B		0.15624335	
HLA-L		0.15588142	
GALNT2		0.15584923	
REEP5		0.1552266	
SLC20A1		0.1540641	
NFU1		0.15401784	
RP11-33B1.1		0.15370528	
IFIT5		0.1525415	
CLSTN3		0.15238912	
HIST1H2BH		0.15158647	
SARS		0.15155534	
CCL5		0.15155235	
AKAP11		0.15097125	
SS18		0.14822213	
LTB		0.1476583	
SECTM1		0.14657946	
ZNF354A		0.14507392	
MYL12A		0.14394206	
SLC9A6		0.14367647	
GOLT1B		0.14312065	
NATD1		0.14304928	
MOCS2		0.14081404	
NOL7		0.1402574	
PPP6R2		0.13893214	
MEF2A		0.13733101	
TRDMT1		0.13701725	
TRIM52		0.13692857	
ACPP		0.13633594	
WDR45		0.1352546	
YME1L1		0.13500947	
SRD5A1		0.13497053	
CHSY1		0.13477628	
ABHD3		0.1337469	
VWA8		0.13293561	
NUDT4		0.13269912	
CCDC124		0.13256176	
KLHDC3		0.13247004	
SOX4		0.1317833	
DCAF6		0.13128363	
NOP14-AS1		0.13110079	
SLAMF6		0.13062958	
RP11-705C15.2		0.13044956	
NDUFS4		0.1300275	
MTM1		0.12922835	
DNAJC1		0.12903872	
PRKAG1		0.12869148	
TGOLN2		0.12861566	
MYO15B		0.12821852	
GBP4		0.1277056	
TIAL1		0.12731673	
RNF5		0.12668367	
POU2F1		0.12624326	
DNAJC17		0.12582989	
ZFR		0.12471317	
ARL1		0.12442749	
CBX3		0.12409136	
HLA-K		0.12395112	
LINC00526		0.12389744	
C6orf229		0.12295819	
DOCK2		0.12152532	
AC025171.1		0.1209934	
EFHC2		0.12061208	
TUFT1		0.1198898	
SYPL1		0.11988663	
PARP12		0.119596295	
RP1-34B20.21		0.1195962	
FAM126A		0.118615285	
CUL4A		0.11804911	
SERAC1		0.11803559	
RHOT1		0.117918685	
TAX1BP3		0.11763511	
INTS6L		0.11719234	
ARHGAP12		0.11681612	
C1orf112		0.11646959	
ARHGEF7		0.11641833	
TAPBPL		0.116279595	
RP11-230F18.5		0.11612202	
NUDT15		0.11611457	
RSU1		0.1156148	
TNFRSF9		0.11541922	
DNAL4		0.1144309	
DNAJC14		0.11337791	
TTC33		0.113365136	
XPR1		0.11309173	
LRRC37A16P		0.11285384	
RNASE2		0.11202637	
BIN2P1		0.11120288	
TNPO1		0.11089747	
STN1		0.11008436	
STK11IP		0.10987065	
IL3RA		0.10845955	
DHRS12		0.10830297	
PPP3CB		0.10809732	
SCO1		0.1078891	
ZNF281		0.107230306	
MILR1		0.10709515	
PRKCH		0.10683765	
SLC39A6		0.10568127	
FAM188A		0.10566764	
MASTL		0.105158046	
INPP5F		0.10478907	
WASH6P		0.10410973	
ARL17B		0.103960805	
ZEB1		0.10355613	
NDUFS2		0.10327491	
YEATS4		0.102352045	
LINC00847		0.10224574	
ARHGAP9		0.10151204	
MAT2B		0.10091983	
MAST4		0.10091598	
SPRYD3		0.100278534	
ABHD11		0.100249745	
HN1		0.10022694	
TMBIM4		0.09999297	
MFSD5		0.09972153	
MCTS1		0.098978296	
GTF2A1		0.09897715	
GBP2		0.098962635	
VPS13D		0.09891938	
STRIP1		0.09886613	
NAGA		0.09874578	
CPEB4		0.098442964	
NCKAP5L		0.09843465	
GTPBP1		0.09831618	
PSMD1		0.0976872	
PPP3CB-AS1		0.097642526	
CXorf40A		0.097639866	
RP11-74K11.2		0.09740634	
MAGOH		0.09631811	
ERMARD		0.09616989	
XPNPEP1		0.09593765	
FGF13		0.09517725	
H1F0		0.09505618	
RBM17		0.0944226	
SUPT4H1		0.09382703	
KCNQ1		0.093588	
KPNA2		0.09330355	
RP11-274E7.2		0.09285115	
EPSTI1		0.092609435	
ERCC1		0.09200384	
U91328.19		0.09181109	
RP1-257A7.4		0.090416126	
ZFYVE1		0.09015666	
ACTR1A		0.08946824	
ZNF37BP		0.08723385	
FLII		0.08715168	
BATF		0.08698173	
ADD3-AS1		0.08663519	
CC2D2B		0.08635993	
DRAM2		0.0863364	
HSPA1A		0.08606276	
ZCCHC24		0.085848674	
CFAP58-AS1		0.08569447	
AP5M1		0.08400767	
ZEB1-AS1		0.083528794	
TXNRD1		0.08200327	
RP11-666A8.7		0.08119812	
C6orf48		0.080222	
RGS16		0.079885036	
NPLOC4		0.07920659	
NOL12		0.07900336	
MAD2L1BP		0.07605036	
C6orf106		0.07602777	
RP11-338I21.1		0.07483156	
CLK4		0.07474268	
INPP5K		0.07359319	
RUFY2		0.07316765	
BLOC1S6		0.07294394	
HLA-H		0.07191298	
SPTSSA		0.071669534	
DCUN1D2		0.07089605	
APOBEC3F		0.07082075	
ZNF511		0.07076167	
RP13-270P17.1		0.07052066	
STAMBPL1		0.069738545	
CYSLTR2		0.06938609	
JADE2		0.06912422	
RNF135		0.06906845	
XXbac-BPG181B23.7		0.069011696	
FBRSL1		0.06892722	
CROT		0.06824297	
SAP30L		0.06742124	
IPCEF1		0.066525206	
VSIG10		0.06567097	
ZMIZ2		0.065611966	
IL6ST		0.06556044	
DDX10P1		0.065243244	
HSPA4		0.06487077	
AC116366.5		0.064149864	
HIST1H2BJ		0.0638002	
PRKAA1		0.06345566	
HIST1H1PS1		0.06279663	
SMN1		0.06188159	
SAMD8		0.06169096	
KIAA1191		0.061051745	
CAMTA2		0.060485143	
TMBIM6		0.060023163	
PSMB8		0.05984168	
BAIAP2		0.059607945	
KNTC1		0.05947348	
DNAJB4		0.059324317	
MYL5		0.059283547	
LCOR		0.058259107	
IGF2R		0.05808845	
FAM104A		0.05684919	
GK		0.055997387	
DRC1		0.055729736	
RP3-368A4.6		0.05567664	
MR1		0.055408113	
LYRM7		0.055316016	
FAM160A2		0.055280883	
ASPHD2		0.055220798	
PAPD7		0.055009104	
MICU2		0.054730564	
NPC1		0.05470102	
CTA-384D8.36		0.05258762	
CTC-428H11.2		0.052428454	
DTX2		0.05135484	
DHFR		0.050907217	
RP5-821D11.7		0.050724957	
MFF		0.05049481	
NFKB2		0.050024547	
ARFGAP3		0.04987055	
MRPS23		0.049444113	
C2orf69		0.049375836	
DAP		0.04876942	
LONRF3		0.048514917	
CEP152		0.04825665	
AATK		0.04806841	
RP11-218M22.1		0.047769133	
ABI3		0.04737127	
LNPEP		0.046871174	
MRPS31		0.04682386	
ZNF271P		0.04677776	
RP11-425D10.10		0.046532962	
MARCH8		0.046428196	
FOXO1		0.045981985	
RP13-977J11.2		0.045647062	
ALDH9A1		0.045376837	
YDJC		0.044230886	
CTB-41I6.1		0.043574106	
EPHB6		0.043373175	
GTF2F2		0.04325157	
MIEF1		0.042998463	
GPBP1		0.0426004	
HTR7P1		0.04239981	
CD14		0.042322915	
TUBGCP3		0.04176152	
PRR13		0.04097562	
DPP8		0.0409444	
TFEC		0.040366236	
STK24		0.04013427	
RP1-111C20.4		0.04013067	
NLRP3		0.039700236	
SRSF1		0.039432973	
IFT88		0.0389228	
VAMP5		0.03828284	
MAGIX		0.03812714	
SPG20		0.037992116	
MIR4435-2HG		0.037674118	
DNAJC15		0.03761001	
DYM		0.037419043	
TNFAIP1		0.036683377	
WDR45B		0.03655483	
PFN1		0.03593611	
YIPF5		0.03588213	
PEX3		0.034627534	
ETV6		0.034325838	
FTSJ3		0.033904534	
CDC23		0.033617396	
FNTB		0.032909784	
ITGB3BP		0.03251921	
NFYA		0.032174807	
SLC38A2		0.032108292	
RPL23AP82		0.030791806	
AGGF1		0.030759841	
C1QTNF6		0.02993227	
TMEM106C		0.029617766	
F8		0.028930673	
LAMP1		0.028801257	
CTA-963H5.5		0.028458172	
ZNF674		0.028273478	
OGDH		0.028034119	
AC079630.4		0.027419172	
PTPRE		0.02634496	
TMEM176B		0.025489844	
MTIF3		0.024989845	
POLR2D		0.024945145	
TRIM8		0.024784481	
HELZ		0.02416912	
BBS9		0.023821926	
SLF1		0.023635209	
ST8SIA4		0.023511278	
DAPK2		0.02327287	
RP11-1105G2.4		0.023008207	
IPMK		0.021812513	
ZCCHC2		0.021774154	
ZNF24		0.02175369	
FYB		0.021387883	
STX7		0.0202735	
TSPAN32		0.020109687	
VPS50		0.019935051	
EVL		0.01871671	
EYA3		0.018700028	
RP11-294J22.7		0.017966222	
ZBTB33		0.017699366	
ERAL1		0.01740608	
SH3BGRL3		0.017254194	
CDC42EP4		0.016475061	
PLXDC2		0.01622278	
COG3		0.01613086	
SLC27A3		0.015973603	
SMARCD2		0.015714053	
C22orf29		0.015307349	
BCL7B		0.015220451	
ITM2B		0.014402083	
FAM204A		0.01438967	
PSMA5		0.014373769	
PIGN		0.014076841	
CSNK1D		0.013837254	
ARGLU1		0.0133270845	
AC010226.4		0.013092918	
ORAI1		0.012340607	
GABPB1		0.012201456	
CTD-2017C7.1		0.011580504	
GABPB2		0.011501248	
MICB		0.011105821	
ZNF140		0.0110678505	
PSMC3IP		0.011019494	
LYG1		0.011016492	
RP1-55C23.7		0.010794658	
TBC1D22B		0.010656942	
VEZF1		0.010578332	
AATF		0.010376076	
RNF185		0.010241375	
MED1		0.009826802	
RP11-400F19.18		0.0094790235	
KPNA6		0.009346058	
SNAPIN		0.008515394	
KIAA0825		0.008219686	
KIF3A		0.007876022	
FAM134B		0.0077615734	
HIST1H2BG		0.0075788586	
LHPP		0.006925371	
RP11-402J6.3		0.0065693147	
NDFIP1		0.0061663766	
L3MBTL2		0.005558863	
ADSL		0.005441025	
RAP1GAP2		0.0054230005	
SUFU		0.005330706	
EFCAB5		0.004993064	
DPRXP2		0.004681891	
HMGXB4		0.004493681	
PPP2R5A		0.004380911	
RP11-153I24.5		0.003977338	
EHD4		0.003676264	
ASMTL		0.0033768658	
BASP1		0.0032367965	
DDX41		0.0032339783	
C18orf32		0.0029488723	
FAM134A		0.0026187997	
TRIM41		0.0024841845	
SRGN		0.0024266408	
ACOXL		0.001644016	
PPOX		0.0016234101	
PI4KB		0.0010831341	
DCTN4		7.416635E-4	
TNRC6B		2.7066E-4	
OARD1		-4.972369E-4	
TOB2		-5.152678E-4	
OTULIN		-5.5304804E-4	
OASL		-7.6450146E-4	
FUZ		-9.308569E-4	
PAFAH2		-0.0026361072	
C14orf28		-0.0027323419	
CHD1		-0.0032411169	
KRIT1		-0.0034100672	
KCNJ2-AS1		-0.0046550934	
GPR162		-0.0055400077	
LRCH1		-0.005868784	
HLA-C		-0.0060617933	
EXOC3		-0.006073403	
NOD1		-0.0068664523	
PPWD1		-0.007662875	
NBPF3		-0.008632699	
VTI1A		-0.008892882	
PIGM		-0.009040249	
SLC48A1		-0.010094993	
NME8		-0.010796141	
CHST15		-0.010854765	
HPRT1		-0.011806598	
LINC00899		-0.012146536	
CRACR2A		-0.012281042	
LARS		-0.012446392	
RP1-179N16.3		-0.012607168	
IL15RA		-0.0126392925	
TRIP4		-0.0127294175	
AGL		-0.012995843	
UBLCP1		-0.013454606	
ZCCHC9		-0.014002263	
RP11-686D22.4		-0.014191656	
RNF219		-0.014329923	
NABP1		-0.014490642	
RP11-536K7.3		-0.014963029	
AMMECR1L		-0.015330273	
ARMCX4		-0.015458684	
MED4		-0.015760398	
CSTF2T		-0.015822798	
MAP3K1		-0.017852096	
ENTPD7		-0.017863542	
SYNJ2		-0.018086076	
RBM45		-0.018469846	
ZFP62		-0.018653098	
HIST1H2AC		-0.018848019	
KIAA1468		-0.018951882	
TMEM173		-0.018992508	
GAPT		-0.019626584	
SPECC1		-0.02070856	
VPS41		-0.0210772	
TRMU		-0.02162665	
CERS5		-0.022472126	
GRK5		-0.022495698	
LRP10		-0.022503741	
GLUD1		-0.02290442	
DHTKD1		-0.023347618	
MTMR3		-0.023375833	
ARGFXP2		-0.024177648	
GS1-358P8.4		-0.024493081	
UPF1		-0.024564471	
NEDD1		-0.024572948	
ZNF84		-0.024951492	
TFAM		-0.025037898	
TMEM234		-0.025060888	
CTD-2201E18.3		-0.025393914	
SCYL2		-0.02577068	
CDPF1		-0.02589654	
METTL4		-0.025919082	
CD24		-0.026082981	
ZNF800		-0.026381662	
CHM		-0.02638255	
HAX1		-0.02664161	
HEXB		-0.02737945	
TNFSF12		-0.02768728	
PEX5		-0.02788727	
MAPRE2		-0.027942808	
HPS6		-0.029198775	
CCDC47		-0.02959248	
RHBDF2		-0.03023314	
DHRS7B		-0.03051209	
KIAA1841		-0.030605791	
PHF12		-0.030709269	
CD63		-0.030767042	
AC005301.9		-0.030923517	
FAM53C		-0.031341765	
LYRM9		-0.031408064	
ANXA9		-0.03144522	
HSD17B7P2		-0.031459805	
KIF1C		-0.031466726	
TMED11P		-0.03192951	
TMEM242		-0.03200924	
YPEL2		-0.032270845	
RP11-209D14.4		-0.03290706	
SPOPL		-0.033237293	
RP11-51F16.1		-0.033319104	
ZRSR2		-0.033377785	
BCL2L11		-0.033974268	
MORN3		-0.034472566	
LRRC59		-0.034744002	
PRKAR2B		-0.035254035	
USPL1		-0.035372093	
PIK3R1		-0.03555705	
COMMD10		-0.036728147	
MPRIP		-0.03681732	
HNRNPF		-0.036855686	
RNF14		-0.036966834	
CISD1		-0.037093434	
UBAP2L		-0.03723966	
SCRN2		-0.038268182	
CTD-2095E4.5		-0.039194785	
TUBA1A		-0.03946235	
CLDN15		-0.03963395	
SGMS1-AS1		-0.040177565	
ARPC5		-0.04033068	
METTL23		-0.040378254	
RABL2A		-0.041086044	
AGAP2		-0.041413605	
CREM		-0.04152817	
MAIP1		-0.04166495	
FN3KRP		-0.042476736	
RP11-571I18.4		-0.042591155	
RP11-256L6.3		-0.042891856	
RNASEK		-0.043217383	
CSF1R		-0.044532243	
ODF3B		-0.044861782	
MED14OS		-0.045678668	
WDR46		-0.046392035	
SLC25A34		-0.046737403	
YTHDC2		-0.04687025	
TNFAIP8		-0.04690245	
DLD		-0.047572605	
APBB3		-0.04762188	
AP3B1		-0.048821278	
BRD2		-0.04897446	
UBE3C		-0.049329586	
POGZ		-0.049845863	
ZADH2		-0.049922965	
EBPL		-0.05036607	
ALOX5AP		-0.050550655	
NDC80		-0.05143392	
PI4KAP1		-0.05201353	
ALOX12		-0.0524694	
CEACAM21		-0.052762814	
DSE		-0.05289306	
C1RL		-0.053227067	
SLC16A6		-0.053314988	
UBE2E3		-0.053853165	
CALM1		-0.053869635	
GAB2		-0.05403495	
SCPEP1		-0.05483709	
RDH11		-0.05486024	
MAGOH3P		-0.05524641	
PHF10		-0.055397116	
POC1B		-0.056240126	
FCGR3B		-0.056427132	
TRIM26		-0.057249647	
TNFSF13B		-0.057506755	
DUSP1		-0.057746783	
AFF4		-0.058990236	
SYCP3		-0.059394553	
NCOA4		-0.059527155	
ANXA7		-0.060411096	
PITPNB		-0.06069641	
CUL2		-0.06140866	
GXYLT1		-0.063812144	
TTC13		-0.06399508	
TMEM94		-0.06420157	
KIF1BP		-0.06437959	
ZNF697		-0.06556755	
ETF1		-0.06559922	
KPNA3		-0.065805875	
NEURL4		-0.06581636	
SEPT9		-0.06608703	
SCAMP1-AS1		-0.06631928	
SRA1		-0.066670924	
RP11-380G5.2		-0.0667944	
PLK2		-0.0668356	
PI4K2A		-0.06689345	
GLO1		-0.068786785	
DIMT1		-0.06879783	
PILRA		-0.069576025	
HLA-F-AS1		-0.06968002	
USP28		-0.06968295	
USP1		-0.06973734	
ZBED4		-0.0698198	
NUP58		-0.07043124	
CWC27		-0.071022004	
ATE1		-0.07117882	
AKR1B1		-0.07124445	
HAAO		-0.07237526	
TTC22		-0.07298621	
DCP2		-0.073024474	
TARS		-0.07438261	
TARBP1		-0.074771106	
TOP3A		-0.075215876	
BTN2A1		-0.07545902	
CLDN10		-0.0758998	
TMEM104		-0.07633534	
ZFP36L1		-0.077321164	
RP13-270P17.2		-0.07751852	
RPS19BP1		-0.07777776	
TSPYL4		-0.078295484	
RXRB		-0.07829587	
RNF130		-0.07833797	
RP4-671O14.7		-0.07997576	
GCSHP4		-0.07998322	
BAG5		-0.080227844	
ILF2		-0.0807196	
USP42		-0.08118065	
ZNF687		-0.08138287	
RNFT1		-0.08218818	
PIK3R6		-0.0824777	
TSPOAP1-AS1		-0.08267236	
XKR8		-0.082922794	
PMM1		-0.0837425	
GPN2		-0.083900936	
RP11-23J18.1		-0.08430548	
CIPC		-0.08445888	
MRPS10		-0.08446933	
USP18		-0.084604084	
TMEM161B-AS1		-0.08515203	
PHF11		-0.08546006	
VTA1		-0.08731412	
TRAPPC13		-0.08732441	
XXbac-BPG299F13.17		-0.08873144	
CTD-2002H8.2		-0.089335166	
GPATCH8		-0.08944684	
KIAA1033		-0.089753754	
SSH2		-0.08982134	
FLJ20021		-0.09031864	
WDR11		-0.090895616	
SZRD1		-0.091459066	
SIPA1L1		-0.091726325	
HCAR3		-0.09173611	
ANKFY1		-0.092076614	
HIST1H4B		-0.092148095	
CSDE1		-0.092258714	
RP11-165D7.5		-0.09240363	
TYROBP		-0.09247845	
APOBEC3A		-0.09332438	
CTC-303L1.1		-0.093460985	
LINC00936		-0.094598204	
DCAF7		-0.095829256	
RPA3		-0.0958612	
CLIC1		-0.0960253	
RNASEH2B		-0.0961221	
GBF1		-0.09637458	
ARSG		-0.09637529	
TTLL1		-0.097150356	
PSMB4		-0.09786526	
PEF1		-0.09795607	
TAF15		-0.09815995	
FAF2		-0.09901404	
RPS15AP30		-0.099192515	
VEGFA		-0.099578366	
EFTUD2		-0.099799685	
C12orf60		-0.10006343	
DHRS4		-0.10072297	
ZSWIM7		-0.10168561	
WASF2		-0.10253661	
C22orf39		-0.10296701	
H2AFJ		-0.10297627	
SETD9		-0.10367574	
RP11-327P2.7		-0.10416568	
MRPL24		-0.10508287	
RGCC		-0.106360726	
NEMP1		-0.10683525	
DIS3		-0.1069245	
RHBDD1		-0.107256874	
LIPA		-0.10796133	
RACK1		-0.10840192	
STK38L		-0.11097141	
BRD8		-0.11110941	
PSMA3-AS1		-0.111729085	
KAT7		-0.11189796	
CCDC117		-0.112071544	
SVIL		-0.11290366	
SEC62		-0.11309362	
LSM3P2		-0.11370412	
CRIP1		-0.11404974	
ZNF804A		-0.11453205	
PRCC		-0.114638336	
ADSS		-0.11499644	
CLEC4A		-0.11516732	
GTF2H2C		-0.116657995	
FOXK2		-0.11677723	
MED6P1		-0.11724776	
PHOSPHO1		-0.11866782	
GUCD1		-0.11908895	
RP11-326I11.3		-0.11915319	
SPAG5-AS1		-0.119554386	
THRAP3		-0.11977341	
FAM13A-AS1		-0.12012607	
CCNJL		-0.12026412	
C17orf100		-0.12029449	
SLC15A4		-0.12132987	
CLEC4E		-0.12278466	
DRG1		-0.12294062	
RP11-73M18.8		-0.12356363	
SEPSECS-AS1		-0.12497591	
ZBTB4		-0.12513007	
LPAR6		-0.12532143	
ANKRD34B		-0.12542944	
SNX13		-0.12645298	
CYB5R1		-0.12679338	
APOBEC3B		-0.12732038	
SBF1		-0.12739874	
EVI2B		-0.12782581	
AK2		-0.1282017	
SLED1		-0.12857631	
NMT1		-0.12905379	
RUNX3		-0.1291061	
MTMR12		-0.13090625	
FAM117A		-0.13124247	
CEP192		-0.13175017	
RP3-325F22.5		-0.13223517	
C5orf51		-0.13380256	
AAGAB		-0.13578875	
CCDC92		-0.136329	
METRNL		-0.1367324	
RBM44		-0.13740346	
TMEM199		-0.13859673	
FRS2		-0.13861509	
SGO2		-0.13862689	
PRKX		-0.13868077	
PSME2P2		-0.13896096	
PFDN1		-0.14004576	
RRNAD1		-0.1400612	
EMG1		-0.1401094	
UPF3A		-0.14016691	
RNU6-226P		-0.14040162	
CRIM1		-0.14075725	
CD99P1		-0.14182724	
OGFOD3		-0.14225157	
PRELID1		-0.14268093	
HLA-DPB1		-0.14341277	
LINC00667		-0.14358655	
EHMT2		-0.14720204	
RP11-313D6.3		-0.14721689	
MMADHC		-0.14760521	
RASA3		-0.14763936	
RPS6KA3		-0.14806427	
ERAP1		-0.14814357	
CRELD2		-0.14928605	
NUDT3		-0.14968415	
ATG101		-0.1507596	
ZFYVE27		-0.15120944	
MPPE1		-0.15136416	
RPS6KB1		-0.15203525	
NUP85		-0.15271576	
JAK1		-0.15375736	
RPS27AP11		-0.15385912	
RP1-197B17.3		-0.15394734	
ATF7		-0.15408313	
LRRC70		-0.15515038	
ANKZF1		-0.15517944	
DCLRE1C		-0.15555894	
IDE		-0.15577304	
RP11-356I2.4		-0.15657084	
C10orf128		-0.15679617	
TMEM87A		-0.15714769	
RP11-85A1.3		-0.15742381	
MED13L		-0.15792274	
SNRPF		-0.15820757	
SLC30A6		-0.15836222	
CTB-114C7.4		-0.15874885	
ZCWPW1		-0.15878364	
CHURC1		-0.1589918	
CTC-308K20.1		-0.15900257	
SYCE3		-0.1593305	
EIF4EBP3		-0.16005014	
GAB3		-0.16121855	
AE000661.37		-0.16131395	
LINC01094		-0.16136345	
SUDS3		-0.1615463	
AKAP7		-0.16186504	
FGFR1OP2		-0.16222775	
RP11-153M7.5		-0.16239141	
GUK1		-0.16365933	
KLHL7		-0.16392758	
NRBF2		-0.16415451	
ZMYM2		-0.1643952	
STK10		-0.1644119	
ZNRD1		-0.16454847	
IQGAP2		-0.16464931	
PNKP		-0.16469981	
CCDC62		-0.16566889	
POLK		-0.165753	
XAF1		-0.16590045	
ICE1		-0.16590153	
RPA1		-0.16615497	
RRP7A		-0.16655634	
ATF1		-0.16688101	
RP5-1000K24.2		-0.16742226	
HOMEZ		-0.16753806	
PXN-AS1		-0.16869235	
LDHB		-0.16907349	
CCSAP		-0.16937579	
RP3-508I15.22		-0.169477	
CTA-384D8.34		-0.16998935	
HMOX1		-0.17031325	
RANBP3		-0.17110787	
SKAP2		-0.1713956	
TST		-0.17174608	
LSM2		-0.17180333	
ATP6AP2		-0.17254741	
TTBK2		-0.17265062	
CTD-2007H13.3		-0.17320326	
RP11-348N5.7		-0.17374393	
HBP1		-0.17419077	
FBXW11		-0.17478849	
MIF4GD		-0.17554893	
SUPT6H		-0.17629683	
ATP5F1P1		-0.17673802	
KAT6B		-0.17688082	
AC113404.1		-0.17697659	
NUTM2B-AS1		-0.17808284	
CTDSP2		-0.17846537	
DYRK2		-0.17873412	
CEP131		-0.17886752	
TPRG1L		-0.178878	
ZNF397		-0.17900124	
BDP1		-0.17921397	
TCEB3		-0.17943136	
INTS6		-0.17951296	
COMTD1		-0.17951456	
ATG4B		-0.17958875	
LYSMD3		-0.17959289	
DEK		-0.17963473	
AGAP14		-0.17982846	
HARS		-0.18037452	
TP53BP2		-0.18204805	
AC006946.15		-0.18260252	
EPG5		-0.1826816	
RP11-47A8.5		-0.18286885	
NCOR1		-0.18422218	
MAP3K6		-0.18510158	
ASNS		-0.18522547	
CCDC148		-0.18595724	
SETD3		-0.18693388	
CTD-2095E4.4		-0.18699847	
HLA-F		-0.18740045	
CEP120		-0.18759735	
GNAI3		-0.18798447	
ATP7A		-0.18807365	
PPP2CA		-0.18962392	
CSF2RBP1		-0.1897938	
RP11-13N13.6		-0.1899937	
UGP2		-0.19139105	
CAMK2G		-0.19159046	
EP400		-0.1920563	
MRPS30		-0.19232924	
TRIP6		-0.19275312	
MGAT1		-0.19337703	
CBX4		-0.193611	
AKAP10		-0.19371077	
WRAP53		-0.19378905	
SENP6		-0.19438654	
RP11-120M18.2		-0.19446209	
BTBD1		-0.19447833	
C6orf3		-0.1945581	
CWC22		-0.19503023	
ADAM8		-0.19507185	
CHMP1B		-0.19511485	
FAM105A		-0.19513352	
RP11-256L6.2		-0.1965207	
PUS10		-0.19777508	
FTH1P15		-0.19956733	
UBL3		-0.20005214	
TRIP12		-0.20060365	
IPO8		-0.2008509	
ZNF622		-0.20099078	
SMYD4		-0.20162852	
RBM10		-0.20276897	
APPL2		-0.20278798	
KDM7A		-0.2028012	
MIR3945HG		-0.20353559	
EDRF1		-0.20355129	
RP11-888D10.4		-0.20425346	
VPS36		-0.20431362	
NUDCD3		-0.20513052	
GGPS1		-0.20568986	
AP4E1		-0.20606683	
ERCC6		-0.20618503	
RP11-373N22.3		-0.20657882	
AC010761.13		-0.206842	
SERPINB9P1		-0.20705537	
MOV10		-0.2073179	
FAM179B		-0.2074278	
TMEM55B		-0.20764188	
ZNF496		-0.20794842	
MRPL2		-0.20798339	
WDR3		-0.20805603	
PSMB3		-0.20855832	
ATF7IP		-0.20882514	
MARK4		-0.20885319	
RP11-574K11.8		-0.20917909	
ZNF346		-0.20919925	
PIGA		-0.21082167	
ATP2B4		-0.21125515	
RP11-701P16.2		-0.2114527	
SDHC		-0.21178117	
RP11-83A24.1		-0.21267188	
UBE2J1		-0.21280296	
PSMA4		-0.2128456	
ARPC2		-0.21378624	
KLF5		-0.21502073	
GPSM3		-0.216554	
SPG11		-0.21659793	
INTS3		-0.21665953	
SMARCD3		-0.21688916	
MAFF		-0.21841969	
SESN1		-0.21894513	
COMMD3		-0.21907066	
SMAD7		-0.2197573	
TWF1		-0.21977642	
YIPF1		-0.22103196	
MIB1		-0.22111909	
PIGF		-0.22157893	
GPR34		-0.22182612	
BCR		-0.22205989	
TECPR2		-0.2221841	
NLRP9P1		-0.22290263	
CDK8		-0.22300139	
RP11-644F5.10		-0.22408156	
AP3S1		-0.22414649	
RP11-342K2.1		-0.22488464	
RGS14		-0.22533779	
DDX42		-0.22555742	
RP11-349N19.2		-0.2264342	
PPA1		-0.22775388	
MZT2A		-0.22811677	
RFC2		-0.22839223	
CATIP		-0.22855684	
MTF2		-0.22861202	
STARD3NL		-0.22893739	
ZFP36L2		-0.22894089	
KDM1A		-0.22970426	
ATP5G3		-0.22995536	
LMF2		-0.23053224	
BMI1		-0.23108262	
SLC39A11		-0.2314244	
XKR3		-0.23222686	
MTPAP		-0.23433653	
CCDC112		-0.2346493	
ARL15		-0.23487441	
MAP1LC3B2		-0.23503718	
TUBB		-0.23520069	
RRAGD		-0.23523854	
ARL3		-0.2367742	
KDSR		-0.23736958	
BTN3A1		-0.23809388	
CECR6		-0.23840642	
RNF213		-0.23852123	
CNOT9		-0.23873518	
UBE2L3		-0.23925835	
RP11-182L21.6		-0.2398416	
RP11-644F5.15		-0.24050465	
NBR1		-0.2410402	
RP11-555K12.1		-0.24113481	
IFIT2		-0.24132325	
RP11-705C15.3		-0.24167088	
ERGIC1		-0.24189949	
TAF11		-0.24203138	
SLC22A5		-0.24217978	
WDR91		-0.24267904	
INPP5D		-0.2435452	
PBX2		-0.24368948	
SPG21		-0.24373907	
RAP2A		-0.244296	
RP11-25C19.3		-0.24457772	
TCF7L2		-0.24545433	
SMAD2		-0.24609552	
LINC00672		-0.2465167	
SFR1		-0.24659707	
SPPL3		-0.24825838	
POLR3A		-0.25005877	
C5orf15		-0.25107658	
METTL17		-0.251099	
DUSP14		-0.2514851	
FAM26F		-0.2519045	
ACLY		-0.25227728	
VAMP1		-0.25232252	
LINC01232		-0.25236657	
ATP5EP2		-0.25277025	
SLC39A9		-0.2530909	
RBM22		-0.2536711	
VPS26A		-0.2537319	
RILPL1		-0.2543486	
RAPGEF6		-0.2546063	
GINM1		-0.2554562	
TTC37		-0.25576824	
SLC25A16		-0.25760302	
RP11-463J10.2		-0.2579576	
CDADC1		-0.25994408	
PDSS1		-0.26003024	
UBE2N		-0.26229933	
UNC119B		-0.26241654	
CANX		-0.262665	
XRCC4		-0.2626928	
TCERG1		-0.26373312	
PHTF2		-0.26521587	
MYO5C		-0.26543507	
ARMCX6		-0.26603347	
USP24		-0.26610827	
TREM1		-0.2665759	
KRAS		-0.26771027	
C6orf226		-0.26787305	
DNAJB6		-0.26809013	
ING1		-0.2692409	
BET1		-0.26937392	
RP11-484O2.1		-0.26996657	
SEPT7		-0.27000028	
SNX10		-0.27002835	
RNF216		-0.2701639	
ZSCAN26		-0.27105716	
IFRD1		-0.2710575	
LINC00239		-0.27140102	
ITPK1-AS1		-0.27153736	
MSS51		-0.27176628	
SCAF8		-0.27196363	
XXbac-BPG249D20.9		-0.2724601	
LDB1		-0.2725751	
CCND2		-0.27333525	
ZFC3H1		-0.27354443	
LOH12CR2		-0.2743649	
NAT9		-0.27591777	
PRPSAP2		-0.27679452	
PSMA2		-0.2772692	
HSD17B4		-0.27742326	
C18orf21		-0.27767506	
TNFRSF1B		-0.27824366	
SLC25A29		-0.27965137	
STYX		-0.27965847	
PLB1		-0.28018454	
CTA-384D8.35		-0.28057688	
RP11-227G15.10		-0.28109536	
JKAMP		-0.28157362	
SFT2D1		-0.2821479	
NEK7		-0.28268415	
RP11-180M15.7		-0.28466052	
HPS1		-0.28520668	
PDCD4-AS1		-0.28556916	
TNKS2		-0.28607157	
SKIV2L2		-0.28657746	
TP53BP1		-0.28658313	
BCAS3		-0.28689015	
ZNF26		-0.2871627	
PARVG		-0.28723568	
ARL4AP2		-0.28773636	
ATG5		-0.28823486	
RAB18		-0.28845724	
FAM173B		-0.28881863	
HLA-DPA1		-0.2889862	
AC079630.2		-0.28943565	
CTD-2024I7.13		-0.2903119	
AKAP8L		-0.29045722	
MED21		-0.2905271	
ADAP1		-0.291097	
CHTOP		-0.29127437	
EIF5A		-0.2927253	
CHCHD3		-0.29298216	
MEF2C		-0.29350907	
NUDT1		-0.29445264	
ZNF33A		-0.29505825	
ZSCAN16		-0.29539257	
TDG		-0.29539326	
PER1		-0.29708427	
VIM-AS1		-0.29746467	
RBKS		-0.29792234	
JOSD1		-0.2979921	
FAM174A		-0.29838583	
ATF3		-0.2993465	
TRERF1		-0.29942754	
SMAD4		-0.3000742	
HARS2		-0.30021998	
GPS2		-0.3003476	
RP11-84G21.1		-0.30066082	
GTPBP10		-0.30113894	
RP11-758H9.2		-0.3024754	
SSBP3		-0.30292338	
PPP1R9B		-0.30340028	
RP1-229K20.5		-0.30340803	
MAT2A		-0.30344102	
PSTK		-0.30428022	
SRP9		-0.30433506	
RP11-127B20.3		-0.30497855	
TSPAN31		-0.30515072	
RP3-425C14.4		-0.3065079	
BTBD9		-0.30688885	
EIF4EBP2		-0.3081356	
THG1L		-0.3085215	
MDM2		-0.30964738	
RP11-358B23.6		-0.30985358	
BSDC1		-0.3112538	
HAVCR2		-0.31131297	
ASCC1		-0.31145462	
CDK6		-0.31238812	
STAT5A		-0.31247622	
ARHGEF40		-0.3128486	
CFAP54		-0.31308797	
MIR6820		-0.31313255	
FLAD1		-0.31432363	
FAAP20		-0.31477207	
TIMM22		-0.31560433	
RP11-330O11.3		-0.31581554	
LMBRD2		-0.31608784	
RAB35		-0.31650183	
CXorf40B		-0.31677097	
ZYG11B		-0.3168325	
ULK1		-0.317007	
MYO19		-0.31725037	
CAB39L		-0.3173791	
CLEC12A		-0.31892806	
BLVRA		-0.31912255	
METTL25		-0.31927776	
SRP54-AS1		-0.31942853	
TCOF1		-0.31952056	
RUFY1		-0.3197376	
ZKSCAN4		-0.32018545	
PARG		-0.320273	
PSMB9		-0.32190463	
PSMD11		-0.32223812	
PFDN6		-0.32359442	
RBMS1		-0.3247556	
SEC23IP		-0.3252763	
DTNBP1		-0.32559317	
TRAPPC8		-0.32596138	
TMEM185A		-0.32618013	
RP11-446N19.1		-0.32647738	
ICAM2		-0.32686648	
RP13-314C10.5		-0.32731044	
HIST1H2BF		-0.32883665	
TUBGCP2		-0.32887623	
RP11-352M15.2		-0.32898962	
CSF2RA		-0.3295034	
SYAP1		-0.32973006	
ABCF1		-0.329793	
CNNM4		-0.3307552	
GTF2H2		-0.3309497	
AC106801.1		-0.3323959	
FAM21C		-0.33255213	
METTL10		-0.3330043	
PLOD3		-0.33330297	
SOCS4		-0.3337803	
KRT18P31		-0.3339604	
TTC28-AS1		-0.3345233	
BIRC3		-0.33473527	
RP11-8L8.2		-0.3362635	
F8A1		-0.33721513	
RASSF4		-0.3383914	
PIGK		-0.3414447	
RP11-862L9.2		-0.34229198	
RP11-872J21.5		-0.34264413	
CLEC1B		-0.34399936	
CPVL		-0.34526822	
PHF8		-0.34562704	
KIAA1328		-0.34638035	
ZC3H11A		-0.3469782	
RP11-582E3.6		-0.34711558	
NVL		-0.34746695	
MITD1		-0.34754613	
COPS7B		-0.34785077	
ITGA5		-0.34823465	
RP11-666F17.1		-0.34906566	
BAZ1B		-0.34953228	
CCDC121		-0.35024056	
CEP295NL		-0.35054508	
FRAT1		-0.35133672	
CTD-2410N18.4		-0.35280725	
CELF2-AS1		-0.35354564	
MED12		-0.3538325	
RARA-AS1		-0.354269	
LZIC		-0.3554878	
HENMT1		-0.35584676	
GIN1		-0.3562026	
ZEB2		-0.35655725	
ATP9B		-0.3571373	
TMX3		-0.35783315	
XRCC6		-0.3578765	
SMC6		-0.35803548	
TESPA1		-0.358914	
RP1-30M3.5		-0.35915378	
LINC01089		-0.35980833	
CDC123		-0.35987929	
GID4		-0.3634084	
GOPC		-0.36419407	
FAM216A		-0.36426505	
PCBD2		-0.36434862	
FAM118A		-0.36439735	
VPS33A		-0.36537254	
PCTP		-0.36556193	
FAM53B		-0.36586398	
PARP1		-0.3670065	
HACD3		-0.36744842	
KSR1		-0.36813724	
SLC25A13		-0.36824498	
IFT81		-0.36867386	
RP11-156E6.1		-0.36875945	
MRPS18A		-0.36887953	
PIK3R5		-0.36926442	
FAM168A		-0.36977276	
GLT1D1		-0.3697992	
RP1-232L22__B.1		-0.37034145	
RP11-580I16.2		-0.37103692	
SEMA3C		-0.37165296	
NOXRED1		-0.372375	
CCL4		-0.37269768	
FAM200B		-0.37293762	
ARL5A		-0.37429956	
NR4A2		-0.37552604	
CTD-2035E11.5		-0.37579688	
NPEPPS		-0.3761673	
ZNF292		-0.37634945	
FTH1P8		-0.3763915	
LINC00528		-0.37669867	
RP11-59C5.3		-0.37761706	
LINC00639		-0.3780365	
TSFM		-0.37846354	
RBM27		-0.3786054	
C6orf89		-0.37948662	
MYL12B		-0.3798035	
RDH5		-0.38068074	
SETD1B		-0.3823291	
RP11-666A8.8		-0.38269764	
RP11-186N15.3		-0.38328174	
UBR3		-0.38347468	
LEMD3		-0.38402596	
BRAT1		-0.38459063	
AMZ2P1		-0.38535726	
DDX21		-0.38580137	
PISD		-0.3867913	
NR1H3		-0.3870847	
OXA1L		-0.38730028	
SPRY3		-0.38735837	
GHITM		-0.3883146	
ZNF518A		-0.38920236	
SNHG10		-0.38969833	
RP11-10L12.1		-0.39075714	
FUNDC2		-0.39104292	
COX7C		-0.39211583	
SLU7		-0.39219707	
CTD-2341M24.1		-0.39448655	
ATG10		-0.3957004	
ABL2		-0.39630926	
VPS18		-0.3964656	
HIST1H3A		-0.39695403	
FTH1P10		-0.39708665	
ARID1B		-0.39713892	
RP11-1105G2.3		-0.39735934	
MLLT10		-0.39762717	
AKR7A2		-0.3977362	
ZNF652		-0.39912406	
CNNM3		-0.39962867	
GBAP1		-0.39982352	
TMOD2		-0.40136763	
STAG3		-0.40173715	
RGS18		-0.40199634	
MPC2		-0.40209275	
PRAF2		-0.40263528	
TMEM248		-0.4030535	
FBXO42		-0.4032736	
CCNY		-0.4036939	
UBE2D4		-0.40369922	
WDR7		-0.40383774	
RNU6-6P		-0.40404364	
PPIF		-0.40834507	
CEP170		-0.41089475	
ATP6V0A2		-0.41107395	
CTSO		-0.41120088	
PRPF8		-0.411875	
FRY-AS1		-0.41276017	
LPIN2		-0.41415462	
CDC5L		-0.41471824	
TBC1D3L		-0.41481176	
IFIT1		-0.4150676	
KIAA0753		-0.4153012	
BRE		-0.41607192	
PSMC4		-0.41612184	
EMC6		-0.41614884	
FBXO33		-0.4161653	
SNRNP35		-0.4164188	
C15orf57		-0.4171952	
TBPL1		-0.41745383	
KLHL15		-0.41754043	
PCED1B-AS1		-0.4177447	
SLC35B1		-0.41798744	
DNAAF2		-0.41838974	
TBCA		-0.4192492	
UBR7		-0.42069516	
HLA-A		-0.42126343	
TCEANC		-0.42144582	
NELFE		-0.42167968	
CHST11		-0.42245424	
NIPBL		-0.42249843	
RIOK2		-0.4228028	
RP11-83A24.2		-0.4228275	
HIST1H4E		-0.42310518	
SFXN3		-0.4233714	
IFIT3		-0.4243466	
PTCD1		-0.4245413	
CBLL1		-0.42500168	
HNRNPA2B1		-0.4257348	
RP11-321E2.4		-0.42599583	
BECN1		-0.42608762	
RAB11FIP2		-0.42623675	
PABPC1P3		-0.42692637	
TGFBI		-0.42812797	
SKAP1		-0.42853004	
TMC6		-0.42919508	
GOLGA5		-0.42953303	
GLRX		-0.42980576	
GLCCI1		-0.43089968	
SEPHS1		-0.43109632	
HLA-DQB1		-0.43155518	
ZCCHC10		-0.43179467	
P4HA2		-0.43327227	
RP11-45A17.2		-0.43392435	
GPR155		-0.43557647	
RPL17		-0.43622708	
COG6		-0.43651465	
ZKSCAN1		-0.43654278	
NISCH		-0.43829498	
DGCR11		-0.44062296	
SRRT		-0.44093665	
ASF1A		-0.44149074	
ZC3H8		-0.44268194	
PAQR6		-0.44293776	
DICER1-AS1		-0.44474685	
NUP153		-0.44480258	
SMURF2		-0.4466306	
PURA		-0.4470043	
BCAP29		-0.44724378	
CTD-2015H6.3		-0.44747695	
DLEU2		-0.44843665	
H3F3C		-0.4495103	
ACO2		-0.45094007	
MTERF2		-0.45166406	
AC022431.3		-0.45258042	
C12orf10		-0.452662	
RP11-405M12.4		-0.4530003	
ZCRB1		-0.45411724	
ANKRD10-IT1		-0.45428947	
ZSCAN30		-0.4545282	
RCBTB2		-0.4547356	
PYROXD2		-0.45630687	
RP13-1032I1.7		-0.45640603	
MRPL52		-0.45681468	
CLTC		-0.45683107	
APOO		-0.45772848	
RP3-394A18.1		-0.45800397	
PLEKHM1		-0.45831153	
USP6NL		-0.46026313	
SRSF9		-0.46045184	
MCL1		-0.46076626	
SIRT1		-0.46122447	
PPP1R15B		-0.46195638	
ZFAND6		-0.4631421	
DAZAP2		-0.46319425	
LRRC46		-0.4632501	
RP11-326I11.5		-0.46345496	
SFMBT2		-0.4663329	
EIF4A3		-0.46667147	
PEA15		-0.46808475	
NME7		-0.46975094	
LACTB		-0.4701317	
SYNE3		-0.47057995	
HIST1H2BN		-0.4710898	
EIF2D		-0.4712317	
BRIX1		-0.47277915	
AC087294.2		-0.47279897	
GMDS-AS1		-0.47304863	
FTH1P7		-0.47433415	
ZNF131		-0.47435832	
CDK7		-0.4744319	
HLA-B		-0.47471836	
FAM149B1		-0.4757706	
RP11-360N9.2		-0.47614163	
NSA2		-0.47771543	
ATP2C1		-0.4783178	
CRADD		-0.48020867	
SUZ12		-0.4803413	
CLMN		-0.48034394	
DNMBP		-0.48146054	
PCGF5		-0.48185483	
DTYMK		-0.48311976	
ARMC2		-0.48477116	
KANSL1L		-0.48487538	
TMEM191A		-0.4857141	
TRIM23		-0.4866553	
FTX		-0.48682687	
LFNG		-0.48787194	
ZSWIM6		-0.48982838	
MID1IP1		-0.4910039	
BTN3A2		-0.4916875	
GIMAP2		-0.49170244	
LINC00674		-0.492208	
SMNDC1		-0.49285853	
RP11-798M19.6		-0.49334157	
COMMD6		-0.49443287	
EGR1		-0.49468276	
CCNH		-0.4948986	
KRCC1		-0.4953336	
RUNDC1		-0.49592564	
RP4-753P9.3		-0.49618545	
EEPD1		-0.49639687	
MED14		-0.49780074	
MZT2B		-0.4978895	
ENTPD1-AS1		-0.49943945	
CEP57L1		-0.4996217	
RP13-516M14.8		-0.50054604	
RP11-135F9.3		-0.50114095	
MAP3K8		-0.5011774	
DNAJC21		-0.5013376	
PIP4K2B		-0.50159097	
AL592183.1		-0.50174594	
CRTC2		-0.5021905	
ECI2		-0.50261104	
SH2D4B		-0.5032133	
POMP		-0.5032316	
NHP2		-0.50413996	
TMEM107		-0.5044679	
GGNBP2		-0.5050227	
ZNF75D		-0.5053336	
EZH1		-0.5054428	
PPIL4		-0.5059143	
MEMO1		-0.5061902	
HCAR2		-0.50633615	
POU5F2		-0.507296	
EP300		-0.50758183	
FUCA2		-0.5076015	
SLC25A53		-0.50774264	
EIF1		-0.50775135	
PHF7		-0.50820184	
RP5-940J5.6		-0.5083574	
GTF2IP12		-0.508483	
POLR1D		-0.5087308	
RNF44		-0.5087686	
TAF3		-0.5096445	
RP11-286O18.1		-0.51042676	
ANKRA2		-0.51075315	
SCAF11		-0.51168984	
RP11-20B24.7		-0.51302785	
PTTG2		-0.5135255	
C6orf136		-0.5135526	
PHF3		-0.5139788	
TRIM13		-0.5142759	
LMBR1		-0.51459914	
MEX3C		-0.5167566	
AC005593.2		-0.5186601	
PIAS2		-0.5191451	
TMEM184B		-0.52088785	
APBB1IP		-0.5211989	
ZNF862		-0.52132654	
MIR3198-1		-0.5213532	
RER1		-0.5226469	
ATG2B		-0.5227898	
SUB1		-0.5232128	
TNIP1		-0.52321845	
GTF2H5		-0.52344286	
FAM104B		-0.52364767	
RP11-120K19.3		-0.52426827	
SERBP1		-0.52550817	
HCP5		-0.52584136	
AC004231.2		-0.5259148	
ORMDL2		-0.52600276	
LINC01011		-0.5260304	
DRAXIN		-0.5275463	
GLT8D1		-0.52769375	
NOL11		-0.5280175	
CUL9		-0.5287171	
RP11-563J2.2		-0.5288756	
RNF6		-0.5290174	
CUTC		-0.52904606	
CCL3		-0.5295948	
PMS2P4		-0.5297128	
MYLIP		-0.5312254	
SYT2		-0.5315273	
RP11-69M1.6		-0.5320903	
CLEC9A		-0.5322619	
HINT1		-0.5342254	
TOM1L2		-0.5354502	
LINC00243		-0.5358167	
DGCR6L		-0.53641164	
TXN2		-0.5368643	
PCBP1		-0.5370685	
CSNK2B		-0.5372838	
STAG3L4		-0.53886694	
CALM2P2		-0.53926325	
MAK		-0.5397476	
TUBA1C		-0.5401563	
ING5		-0.54081345	
SIRT7		-0.54106134	
RP5-867C24.1		-0.5414525	
MAPK9		-0.541793	
PA2G4		-0.5420112	
TM2D1		-0.542528	
LPCAT1		-0.5426625	
METTL13		-0.54300714	
NAP1L1		-0.5434723	
ANAPC7		-0.54351693	
RNU1-87P		-0.5441804	
C6orf203		-0.5450363	
MIR616		-0.5455476	
IWS1		-0.54588556	
RCN2		-0.54595244	
PSPC1		-0.5462743	
FKBPL		-0.5464207	
MOAP1		-0.5475573	
RP11-158H5.8		-0.5481138	
RP3-510L9.1		-0.5485222	
ATP6V1E1		-0.54992527	
APOM		-0.55015576	
NUP155		-0.5508702	
DENR		-0.5522014	
RPS4X		-0.5527383	
KLHDC2		-0.5530711	
RP11-291L22.9		-0.5535378	
FLT1		-0.5538424	
FARP1		-0.5546804	
FCRLB		-0.5558486	
RP11-147L13.11		-0.5562327	
MIAT		-0.5578414	
SMIM20		-0.5585944	
CACNA2D4		-0.55944556	
TRAPPC12		-0.55981624	
ATP6V0E1		-0.5605293	
PFKM		-0.561331	
PIK3C3		-0.562239	
VDAC1		-0.5628825	
MEGF6		-0.5639508	
SRP19		-0.5639755	
ZC3HC1		-0.5646407	
ISG20L2		-0.5647482	
GALNT1		-0.56478083	
CBX7		-0.56554615	
ROCK1		-0.56580883	
FAM45A		-0.56642383	
RANBP2		-0.5668092	
MBP		-0.56720734	
H2AFY		-0.5673318	
HRH2		-0.5681069	
RP11-737O24.3		-0.56873584	
TAF7		-0.5690051	
ANKS1A		-0.5708649	
ERCC5		-0.57096356	
RBM28		-0.5710499	
PAN2		-0.5718061	
RP1-80N2.2		-0.57275456	
UBR2		-0.57442105	
SYNE2		-0.5756099	
XPNPEP3		-0.5757763	
ACADSB		-0.57718253	
TAB2		-0.57752067	
JPX		-0.5785466	
N4BP2L2-IT2		-0.57889235	
PTGER4		-0.5796374	
RP11-1109F11.5		-0.5813544	
ZNF326		-0.5814979	
TNRC6C-AS1		-0.58306384	
COPS9		-0.5834551	
GABARAPL1		-0.5843907	
KLRB1		-0.585591	
RP11-561P12.5		-0.5861296	
MCM5		-0.58906794	
MGMT		-0.58945394	
SYNCRIP		-0.59057426	
FOXO4		-0.5908218	
CENPQ		-0.5913156	
RP4-761J14.10		-0.5919674	
CCDC53		-0.5925891	
AOC3		-0.59349275	
HEXIM1		-0.5936007	
PPP1R21		-0.59369403	
MECP2		-0.5946721	
LINC00683		-0.59552044	
N4BP2L1		-0.59576744	
DNAJB12		-0.59860545	
ZSWIM8		-0.5987645	
RP11-779O18.3		-0.6001357	
RP11-68I3.5		-0.60221666	
HDAC5		-0.6022743	
KCTD12		-0.60264707	
RP11-343L5.2		-0.60302186	
CTBP2		-0.6048037	
PTPN2		-0.60483384	
VPS25		-0.6049671	
BRI3BP		-0.6055572	
VNN3		-0.6057811	
EEF1A1P3		-0.60604596	
ALG11		-0.6062586	
NUP160		-0.60628265	
TXNDC17		-0.6066561	
ZFYVE26		-0.6097255	
TXNDC15		-0.6109702	
RP11-930O11.2		-0.6128369	
MLXIP		-0.6130082	
CHUK		-0.6134808	
RP11-468E2.11		-0.6135318	
APOLD1		-0.61539376	
ZMYM5		-0.61559755	
HNRNPA1		-0.61614364	
NDUFAF8		-0.61649567	
METTL3		-0.620079	
MMS19		-0.6204164	
TUBGCP6		-0.624116	
MGST3		-0.62426835	
YWHAH		-0.6254454	
MED10		-0.6268155	
SETDB2		-0.6276064	
CNTNAP1		-0.6278794	
EIF3D		-0.6285049	
DLEU7		-0.62917906	
TAP2		-0.6307261	
ICA1		-0.6312662	
LRMP		-0.63136023	
MED13		-0.6330873	
BAIAP2-AS1		-0.63462436	
NFYB		-0.6348209	
SETDB1		-0.63509375	
CCDC43		-0.6372531	
KNSTRN		-0.6374453	
RP11-364L4.1		-0.63772494	
ZNHIT3		-0.637876	
GNA13		-0.6382677	
BBS10		-0.63890564	
DHX16		-0.63916916	
BLOC1S2		-0.63935196	
ALDOC		-0.63959146	
FOXN3		-0.63975936	
MYH10		-0.64111465	
BCDIN3D		-0.6413062	
PPP2R3B		-0.64212555	
MESDC2		-0.6425828	
TTC17		-0.6426671	
PITHD1		-0.64309245	
RP11-703I16.1		-0.6440845	
NUP35		-0.6450452	
PIAS1		-0.64591354	
RPL10A		-0.6467546	
C5orf56		-0.6477492	
RP3-475N16.1		-0.64919996	
UBC		-0.6498689	
CD27-AS1		-0.6498762	
TMEM167A		-0.64999264	
RALBP1		-0.65100944	
TGIF1		-0.65127	
ITPR2		-0.6518184	
CPM		-0.65363485	
RAD50		-0.6536725	
TNFAIP2		-0.65467674	
RPL26L1		-0.656381	
KMT2E		-0.65662473	
PRR7-AS1		-0.6572981	
C4orf48		-0.6574276	
DDX3X		-0.6579769	
EXOSC1		-0.65940475	
ACAT2		-0.6594678	
CCDC186		-0.6600822	
ST13		-0.6600869	
KLRG1		-0.6602255	
ZNF718		-0.66154957	
USP14		-0.66253877	
P2RY8		-0.6634175	
UBTD2		-0.66555184	
IK		-0.6673978	
DUSP6		-0.6698673	
RAB11A		-0.6704529	
CLEC12B		-0.6710419	
PI4KA		-0.6716343	
SUMO2		-0.67177147	
PYM1		-0.67252785	
C1orf74		-0.67282677	
PPHLN1		-0.6734802	
GOLPH3L		-0.6740743	
RPL39		-0.6741378	
ANKAR		-0.67639464	
CUEDC1		-0.6768357	
MARK3		-0.6783913	
RPP30		-0.6787776	
RPS23		-0.6790749	
NIFK		-0.6804746	
RNASET2		-0.68219167	
RGS10		-0.6825527	
NDUFB1		-0.68469226	
ZZZ3		-0.6852219	
BTBD6		-0.68763036	
CWC25		-0.68784446	
NARS		-0.68787235	
AL162151.3		-0.68789893	
TRIM52-AS1		-0.68920314	
BRCA2		-0.6904211	
MTMR11		-0.69093156	
RP11-530C5.2		-0.69113076	
ZNF81		-0.69121855	
RP11-567M16.6		-0.69172597	
RP11-996F15.2		-0.69230837	
PSMD12		-0.69272554	
FYN		-0.6930873	
TMED9		-0.69330406	
HIST4H4		-0.6934883	
NDUFB8P2		-0.69760436	
MEF2C-AS1		-0.6980162	
PMF1		-0.6986373	
RP11-670E13.3		-0.69869393	
PTPN11		-0.69871557	
FRAT2		-0.69977057	
CCHCR1		-0.6998726	
RBM26		-0.7011685	
KMT2C		-0.7012133	
KDM3B		-0.70132273	
MPP5		-0.7018307	
AC011380.8		-0.70373785	
LAMB1		-0.70596534	
CCT5		-0.7060286	
LINC01220		-0.70609635	
PHAX		-0.70816636	
TRAF3IP2-AS1		-0.70846957	
FTLP2		-0.7100185	
TRIM11		-0.7114546	
MTRF1		-0.7116483	
C12orf76		-0.7117131	
RBM5		-0.71254563	
CSNK1A1L		-0.71299446	
RP11-467L13.7		-0.7129955	
SREK1		-0.7130244	
TMEM106A		-0.71351945	
EVA1B		-0.7136061	
RIT1		-0.71456254	
ZNF25		-0.7162692	
CUL7		-0.717058	
CEP83		-0.7178737	
RP11-316M21.7		-0.7182886	
C1QBP		-0.71842325	
COMMD1		-0.7189614	
HIF1A-AS2		-0.7193427	
SLC25A17		-0.7194065	
HIGD2A		-0.7194375	
DDX5		-0.72139114	
MRPS36		-0.72164786	
PWWP2A		-0.723131	
PKN2		-0.7239602	
LINC00324		-0.7243029	
UCHL3		-0.7249336	
SMIM10L1		-0.7263138	
CCDC125		-0.7274337	
CTB-131K11.1		-0.7282061	
ZNF595		-0.7293111	
RP11-354E23.4		-0.7317903	
C1orf123		-0.7324491	
TUG1		-0.7326989	
PSMD4		-0.73346156	
PTER		-0.7337799	
DUSP23		-0.73533577	
RPRD1A		-0.73599964	
CASC1		-0.73778474	
RP11-324I22.4		-0.73814577	
ING3		-0.73822975	
CEP85L		-0.73834556	
KIAA0141		-0.739332	
ELP2		-0.74046934	
HCG27		-0.7412882	
RALA		-0.7413585	
MRPL40		-0.7415749	
CXorf38		-0.74177647	
KIN		-0.7417999	
GZMA		-0.7424193	
RFWD2		-0.7428686	
RNASEH1		-0.7434158	
HERC4		-0.7436679	
INTS6-AS1		-0.7436906	
CH17-340M24.3		-0.7437833	
ARF3		-0.7441191	
POLR2A		-0.7453965	
RP1-34L19.1		-0.745763	
NF1		-0.7459818	
WDFY4		-0.7467769	
HIST1H1C		-0.74732685	
REV3L		-0.74757874	
RP11-631M6.2		-0.74890244	
SNX2		-0.74924296	
RANGAP1		-0.74988925	
GNPDA1		-0.7501325	
SLC35B3		-0.75090575	
TACO1		-0.75312	
TXNL1		-0.7543607	
MED17		-0.7560037	
PIGB		-0.7560776	
FCHO2		-0.7568218	
FEZ2		-0.75700843	
RHNO1		-0.7574673	
AK6		-0.7581305	
PIBF1		-0.7605081	
TCEAL8		-0.76063424	
MED31		-0.76115674	
RP11-245D16.4		-0.7614113	
RP11-549J18.1		-0.7615837	
POLR2J		-0.761603	
TRAPPC3		-0.7632654	
HSPD1		-0.7641505	
MICD		-0.7643665	
NHSL2		-0.7648271	
ESYT1		-0.7656003	
CTB-89H12.4		-0.76569885	
ANKIB1		-0.76742446	
MAP3K2		-0.767605	
LL22NC03-80A10.6		-0.7676716	
STK19		-0.76809317	
TPT1-AS1		-0.7685712	
BRWD3		-0.7694986	
TIMM23		-0.77000624	
AMZ2		-0.7700867	
SSU72		-0.7702516	
MSL1		-0.7713139	
TCHP		-0.77211875	
TAX1BP1		-0.7733338	
RP11-53B2.6		-0.77353406	
RP11-290F5.1		-0.773907	
FOXO3		-0.7740617	
BEND7		-0.77530116	
RELT		-0.7767771	
WBP4		-0.777751	
RPS26		-0.7785662	
ATXN2		-0.7798271	
TFB1M		-0.78037345	
ZNF407		-0.78160083	
TMED10		-0.7820073	
RBM6		-0.7829776	
ERN1		-0.7834765	
GNAL		-0.7838742	
DNAH17		-0.7849063	
LRR1		-0.7853087	
CHCHD2		-0.7873036	
RP11-468E2.4		-0.7876203	
LRRC37B		-0.789093	
SNHG5		-0.78917086	
ACYP2		-0.7901851	
RPS29		-0.7912615	
POLG2		-0.79205245	
DIABLO		-0.793255	
C1orf43		-0.7937188	
RP11-407N17.5		-0.79477257	
CTD-2232E5.2		-0.7949596	
MED7		-0.79660934	
DLGAP1-AS1		-0.7974411	
CCDC28B		-0.7979701	
UIMC1		-0.79892343	
ANKMY2		-0.8007558	
RN7SL587P		-0.8034386	
CTD-2349P21.10		-0.8035215	
PDZD8		-0.80421865	
TIMM21		-0.8048867	
SNORA70G		-0.80536795	
PPP4R1		-0.80610144	
RP11-569A2.2		-0.80646116	
NCOR2		-0.80706733	
MTRNR2L10		-0.80937624	
GPX3		-0.80956936	
KRT18P61		-0.8104052	
OTUD1		-0.8115056	
SCARNA21		-0.8116431	
TMEM18		-0.8126861	
UFM1		-0.81361824	
MBD2		-0.8139549	
PLEKHO1		-0.81467116	
FAM175B		-0.81528234	
MRPL22		-0.81595075	
HDGF		-0.81665355	
PRPF18		-0.8174523	
LINC00641		-0.81759655	
GPR19		-0.81767946	
CD74		-0.820392	
AIMP2		-0.8236404	
RPL21		-0.8238175	
SLC35E3		-0.8266975	
CFAP36		-0.82736176	
RP11-806H10.4		-0.82852274	
RAP1B		-0.8307639	
CCR7		-0.83191484	
ZNHIT1		-0.8319415	
RN7SL220P		-0.83246845	
TEX30		-0.8354147	
MIER3		-0.835747	
TCF4		-0.8370595	
CTDNEP1		-0.83727455	
RAD1		-0.84164643	
ANKHD1		-0.84245247	
MARS		-0.84281945	
RP11-78O7.2		-0.84336686	
INTS7		-0.8445494	
USP15		-0.8456091	
TRAC		-0.8462459	
FOS		-0.8464418	
RP11-894P9.1		-0.84655136	
NUP50-AS1		-0.847123	
FGFR1OP		-0.8476313	
GTSF1		-0.8491047	
RCBTB1		-0.85059464	
PECAM1		-0.8542665	
TMEM69		-0.8544367	
SLC25A28		-0.85528094	
RP11-575A19.2		-0.85642374	
ZNF839		-0.85675687	
SMIM8		-0.8577972	
SDF2		-0.85824835	
PFDN5		-0.8587543	
RP1-197B17.5		-0.8604648	
ADNP2		-0.8630761	
CSRP2		-0.86340755	
COX7A2		-0.8640482	
RP11-468E2.5		-0.8641843	
SCRN3		-0.86568856	
EPC1		-0.86633956	
MCC		-0.8665005	
ZFYVE16		-0.86765695	
YIPF6		-0.86768234	
ATP23		-0.8694794	
PDE1B		-0.87124425	
CLTB		-0.87208384	
CTB-47B11.3		-0.8729461	
PKP4		-0.8733024	
RFC3		-0.87440354	
RP11-321E2.5		-0.8745957	
DLEU1		-0.87563074	
LINC01481		-0.87659943	
RP11-563J2.3		-0.8790876	
NSMCE4A		-0.8798425	
MAP3K5		-0.8799393	
NDUFA12		-0.88155514	
EFHD2		-0.88320106	
RP11-242D8.1		-0.884349	
BTBD7		-0.8844648	
EYS		-0.885525	
LINC00467		-0.886799	
GK-IT1		-0.8874397	
RALGAPA1		-0.88939816	
CDK13		-0.8902462	
CDH2		-0.89063436	
ANAPC16		-0.8935124	
RP11-574K11.24		-0.8945818	
C14orf2		-0.8979119	
ATF4		-0.89797056	
ZNF487		-0.8984865	
ELK4		-0.9007335	
SPOP		-0.9008889	
CTC1		-0.9027529	
TDP1		-0.90303564	
JTB		-0.90318763	
RP11-477D19.2		-0.90344375	
AIF1		-0.90376014	
HNRNPAB		-0.9038741	
MYCBP2		-0.906945	
RPS18		-0.9080889	
OMG		-0.90948117	
CAMLG		-0.9096092	
TMEM14C		-0.9098908	
HDAC9		-0.91468275	
PPP1CC		-0.9154092	
ISCA2		-0.9157628	
IER3IP1		-0.9158663	
ARPP19		-0.91674393	
ZNF641		-0.9183449	
RP11-804M7.2		-0.9189398	
DMXL1		-0.919041	
RP11-3K24.3		-0.9199362	
SPOCK2		-0.92267406	
ATXN3		-0.9228217	
RP11-367J11.2		-0.92472416	
MRE11		-0.9249887	
MYH3		-0.92521286	
CA5B		-0.9253858	
SVIL-AS1		-0.9254522	
RPS19P3		-0.92603785	
FAH		-0.9271711	
RP13-104F24.3		-0.9283259	
CXXC1		-0.9285412	
RP3-449O17.1		-0.92859584	
PRR3		-0.92912626	
SMCR8		-0.92917496	
ATG12		-0.92965937	
CTD-2083E4.6		-0.9346966	
BTNL8		-0.93766236	
CRYL1		-0.93871343	
HAUS3		-0.9394686	
CCDC28A		-0.941864	
ALDH1A2		-0.9427212	
RPL10P12		-0.9430291	
CCSER2		-0.9434468	
CBX3P3		-0.9448971	
N4BP2L2		-0.9484831	
FMNL1		-0.9490178	
C14orf119		-0.9519065	
Y_RNA		-0.95210826	
ZNF830		-0.9526677	
FRY		-0.9554677	
DHX29		-0.9575392	
WAC		-0.9579985	
ZNF740		-0.95968926	
LYRM4		-0.9598855	
RP11-768B22.2		-0.9613828	
EXOSC8		-0.96331435	
PWP1		-0.9639121	
EIF3B		-0.96499145	
NAPG		-0.9662869	
KANSL2		-0.96779287	
HNRNPU		-0.97003824	
KCTD18		-0.9702289	
MALT1		-0.97069854	
COIL		-0.9735413	
TRIM25		-0.97413784	
RNU7-41P		-0.975474	
CISD3		-0.97633517	
AGAP7P		-0.9766858	
BORCS7		-0.9767064	
RPS8		-0.9778158	
RP11-448G15.3		-0.9783577	
RP11-977G19.5		-0.9785245	
ADGRV1		-0.9791394	
TSPAN13		-0.9796365	
TXNL4A		-0.9804987	
ATP5A1		-0.9828278	
CMPK1		-0.9829378	
FAM13B		-0.98415065	
ITPKB		-0.9852629	
MEA1		-0.98880416	
PDE8A		-0.98915905	
C1orf52		-0.99037653	
FUT11		-0.9919734	
HCG14		-0.994118	
RP11-1046B16.3		-0.9942646	
RP11-4B16.4		-0.9953619	
BMF		-0.997584	
RPL41		-0.9980776	
PTBP1		-1.0016998	
PQLC2		-1.0028591	
TAF5		-1.003352	
COPS3		-1.0070149	
UNK		-1.0084615	
RBX1		-1.0100584	
SKP1		-1.013693	
SKP2		-1.0157588	
SRF		-1.0188774	
IQCE		-1.0198345	
HSPA14		-1.0222249	
ZC3H13		-1.0235245	
RAB36		-1.0246283	
CD300LB		-1.0251896	
SPEN		-1.0273068	
ECHS1		-1.02931	
HSP90B1		-1.0297337	
C1orf131		-1.0305028	
COL9A2		-1.0313537	
ERBIN		-1.0314962	
ABCF2		-1.0321274	
MIR3945		-1.0336903	
GALNT10		-1.0337129	
NINJ2		-1.0338964	
MYO7B		-1.0352155	
CCDC77		-1.0355138	
NPM1		-1.0367801	
BANF1P1		-1.037868	
GFM2		-1.0406388	
CCT2		-1.0428666	
MZT1		-1.0440509	
RARS		-1.0471157	
FBXO18		-1.048096	
PDE6D		-1.0504878	
TIPRL		-1.051493	
BTN3A3		-1.0525888	
LYST		-1.0532883	
ATP5C1		-1.054316	
CTC-487M23.6		-1.0545934	
C10orf76		-1.0560986	
RP11-109G23.1		-1.0577207	
RNASE6		-1.0594639	
WRNIP1		-1.0598212	
HLA-DMB		-1.0603083	
FAM208B		-1.062075	
ABHD5		-1.0623825	
TMEM120B		-1.0629926	
OMA1		-1.0637856	
RP13-228J13.1		-1.0641125	
WDR70		-1.0661358	
RP11-242C19.2		-1.0677145	
NUDT5		-1.0691187	
RPL37		-1.0696428	
LCP2		-1.0707128	
BRCC3		-1.0728532	
GATAD2B		-1.0765775	
RP13-554M15.2		-1.0771936	
RN7SL285P		-1.0784327	
SDE2		-1.0787154	
RP3-393E18.2		-1.0797039	
TCP11L2		-1.0815351	
UBALD2		-1.0815974	
BTBD11		-1.0818447	
RPS6KA2		-1.0821619	
FKBP11		-1.0826135	
RP11-36B15.1		-1.0836526	
BRPF3		-1.0844784	
MICA		-1.0860518	
CXorf65		-1.0869067	
RP11-338E21.2		-1.0875202	
FLVCR1		-1.0876887	
H3F3B		-1.0886873	
SNRNP40		-1.08921	
RP1-167A14.2		-1.0898871	
PDCD2		-1.0905832	
WAC-AS1		-1.0919479	
RIOK1		-1.0930506	
CDC16		-1.0932282	
APC		-1.0943207	
MBD6		-1.0946398	
UBXN4		-1.0961916	
PPIP5K2		-1.0974529	
DXO		-1.1002052	
TMSB4X		-1.1009219	
FAM151B		-1.1028678	
RP11-131L12.3		-1.1034491	
AP000347.2		-1.1040564	
RP11-707G18.1		-1.1053666	
MRPS7		-1.1068095	
SMIM15		-1.1069926	
BCLAF1		-1.1070733	
ERCC8		-1.1072025	
NDUFA2		-1.1084659	
RP11-504I13.3		-1.1125807	
CDKN2AIPNL		-1.1132164	
PRR14L		-1.1137041	
CTD-2547L24.3		-1.1139355	
SPRTN		-1.1142163	
PUS7L		-1.1166434	
CTD-2179L22.1		-1.1179969	
PRDX3		-1.12049	
RP11-848G14.5		-1.12322	
RP11-572O17.1		-1.1234215	
RP11-596C23.2		-1.12346	
SMC3		-1.1242958	
RP11-459O1.2		-1.124459	
CNPY2		-1.1252465	
RP1-29C18.8		-1.1259943	
C12orf65		-1.1263077	
AL136419.6		-1.1264629	
RPL23		-1.1274883	
HSBP1L1		-1.1296482	
RP1-12G14.9		-1.130023	
CSF2RB		-1.1308937	
MAN2A1		-1.1327704	
CFAP70		-1.1361743	
RPL23A		-1.1372077	
BBIP1		-1.1377476	
GNL1		-1.1377892	
RWDD1		-1.1473668	
RPS18P9		-1.1475047	
EIF1AX		-1.1476095	
SLC26A2		-1.147696	
RP11-734K2.4		-1.1495471	
PRR34-AS1		-1.1518171	
RP11-386G11.5		-1.1545786	
PRPF4B		-1.1567006	
CNOT11		-1.1571364	
SYNRG		-1.1574799	
GOLPH3		-1.1582154	
HORMAD1		-1.1588652	
B3GNTL1		-1.1596259	
SEC14L1		-1.1615064	
LIPT1		-1.1627736	
RP11-115L11.1		-1.1634256	
RNF125		-1.1648548	
CHCHD1		-1.1685659	
GPR61		-1.169786	
TNF		-1.1708483	
FBXL3		-1.1710733	
ARHGAP26		-1.1715207	
KIAA1551		-1.172073	
HCFC2		-1.1722127	
TPR		-1.1729556	
GTPBP4		-1.1729912	
HEBP2		-1.1730852	
TMTC1		-1.185733	
IMPA2		-1.1874161	
RP1-197B17.7		-1.1882344	
KRT10		-1.188483	
ASCC2		-1.1906453	
ERP27		-1.1927342	
HIBADH		-1.1950152	
ETFRF1		-1.196239	
CERK		-1.1971314	
SCO2		-1.1983659	
CLPTM1L		-1.2021548	
SOWAHD		-1.2050052	
IRAK1		-1.2053653	
RP11-856M7.6		-1.2076105	
NUDCD2		-1.2090734	
SNAPC1		-1.2121137	
LARP4		-1.215848	
LLPH		-1.2159078	
POC5		-1.2174963	
RPS10		-1.2193087	
NSRP1		-1.2208514	
HLA-DRB6		-1.2211877	
CDK11A		-1.2228519	
NSUN2		-1.2229754	
AMACR		-1.2232329	
RP11-57H14.4		-1.2244457	
HNRNPA3		-1.2246792	
USMG5		-1.227747	
SLC30A5		-1.2310029	
PITPNA		-1.2311149	
RP1-261D10.2		-1.2315992	
HLA-DRB5		-1.2348158	
RP11-140K17.3		-1.2372243	
CTD-2587M2.1		-1.2374438	
CSAD		-1.2383393	
FAM193B		-1.2391324	
GNMT		-1.2400992	
GLRX5		-1.2401707	
AMD1		-1.2404356	
FAM135A		-1.2419496	
LYPLAL1		-1.2423248	
HLA-DRA		-1.2436306	
METTL21A		-1.2475986	
RPL30P7		-1.2490741	
ESCO1		-1.2493522	
DDX50		-1.2503306	
DROSHA		-1.2510378	
CA5BP1		-1.2515084	
COX14		-1.2523043	
PDE6H		-1.2538276	
NACA		-1.254313	
UBE2Q1		-1.2547293	
RAD17		-1.257368	
LINC01093		-1.2588909	
RP11-159D12.2		-1.2616049	
BCOR		-1.2621895	
PSMB8-AS1		-1.2625141	
DDX46		-1.2630227	
ADAMTSL4		-1.2655132	
MRPS16		-1.2661717	
HMGB1		-1.2671372	
C19orf60		-1.2697037	
ADRB2		-1.26977	
MPC1		-1.2715527	
TDP2		-1.2716628	
ALG5		-1.2728869	
EIF3A		-1.2735447	
PCBP2		-1.2750938	
TPP2		-1.2779068	
SSBP2		-1.2796035	
CTD-2373H9.3		-1.2798947	
KCMF1		-1.2827023	
GPR18		-1.2843719	
RABGAP1L		-1.2849195	
PBLD		-1.2857766	
RP11-7F17.3		-1.2881203	
RP13-516M14.1		-1.2932943	
AOC2		-1.2940179	
NDUFS6		-1.294165	
RHEB		-1.2953078	
ARID4A		-1.2989502	
VAMP2		-1.3015968	
TCP1		-1.3034892	
SFI1		-1.3048211	
CTSK		-1.3092753	
CALML4		-1.3105958	
SAP18		-1.313234	
UBE2O		-1.3140537	
LSM5		-1.3143345	
RP11-417L19.5		-1.3152782	
RP4-671O14.5		-1.318345	
RP11-50I19.2		-1.318496	
RP11-4B16.1		-1.3186591	
PDCD7		-1.3205286	
RP11-463O12.5		-1.3230937	
DFFA		-1.3248712	
STXBP5-AS1		-1.3250241	
EIF3J		-1.3255063	
ANKLE2		-1.3260735	
GOLGA5P1		-1.3277701	
RP11-670E13.6		-1.3299695	
RIMKLB		-1.3374805	
COA3		-1.338488	
LL22NC03-86G7.1		-1.3392045	
RNF181		-1.3396171	
FAM214A		-1.3419579	
COA1		-1.3424854	
SAR1B		-1.3441484	
AC008592.3		-1.3445215	
RUNX2		-1.3459141	
PPP2R2D		-1.3483878	
CHKB		-1.3490403	
CLEC1A		-1.349742	
ATF6B		-1.3519696	
HMGN4		-1.3544837	
TMCO1		-1.3571963	
RPL11P3		-1.3596135	
RP11-61L19.1		-1.3614197	
EFHC1		-1.3621504	
RP11-295P9.3		-1.3667157	
UFC1		-1.367406	
RNA5SP498		-1.3679769	
C6orf1		-1.3683592	
EIF5B		-1.36955	
CXorf23		-1.3710631	
C12orf43		-1.3731306	
EIF2AK1		-1.3733152	
LY86		-1.3737438	
RRP36		-1.3753169	
ARHGEF37		-1.3767323	
RP11-620J15.3		-1.3770216	
RNU4-90P		-1.3781986	
HNRNPH3		-1.3790486	
DBI		-1.3792632	
ATOX1		-1.379326	
C5orf24		-1.3827384	
RP11-68I3.11		-1.3829532	
TAF9B		-1.3845038	
AHSA2		-1.3881388	
SLC41A2		-1.3926739	
RPS3P6		-1.3952487	
LIN52		-1.4011996	
LINC00908		-1.4015284	
PSMB1		-1.4030801	
RP11-467L13.5		-1.4030912	
SMAGP		-1.4062842	
YKT6		-1.4088404	
RPL21P44		-1.4113114	
MRPL14		-1.4163121	
MRS2		-1.4171504	
THRA		-1.419611	
ATP5G2		-1.4203486	
GPATCH11		-1.4204255	
RP11-288H12.3		-1.4204673	
BTF3		-1.4236252	
ZNF236		-1.4245188	
RP3-323N1.2		-1.4246321	
ENDOV		-1.4257205	
ARAP3		-1.4271915	
PIK3C2A		-1.4284557	
AFDN		-1.4307332	
MAPK8		-1.4308251	
MBD1		-1.4312555	
SNHG20		-1.4313172	
PPTC7		-1.4332279	
SKIV2L		-1.4336337	
RP11-3K24.1		-1.4344162	
XXbac-BPG299F13.14		-1.4344779	
NCR3		-1.4351897	
SEC63		-1.4377868	
FAM213B		-1.4387703	
UPF2		-1.439168	
RPL11		-1.4403404	
LST1		-1.4418824	
SNHG8		-1.4478459	
HECTD4		-1.4490443	
RP11-360N9.3		-1.4523168	
SKI		-1.4555281	
TTC1		-1.4606943	
RP1-91J24.3		-1.4639901	
RASA1		-1.467583	
MYOM1		-1.4709343	
RP11-428G5.5		-1.4740108	
SELENOS		-1.4742227	
SMARCC2		-1.4751643	
EMC4		-1.4759808	
C1orf35		-1.4784602	
KMT2D		-1.4790276	
RSF1		-1.4795089	
GGA3		-1.4814345	
FRA10AC1		-1.4818081	
AP1B1		-1.4823053	
BAZ1A		-1.4833657	
GATC		-1.4890509	
RP1-111B22.3		-1.4892933	
TCTN1		-1.4901606	
DMXL2		-1.4908338	
EPB41		-1.4974964	
RING1		-1.5045822	
EVI2A		-1.5092963	
RPAIN		-1.511413	
RNU6-238P		-1.514068	
NDUFB2		-1.51878	
AC006547.13		-1.5230583	
MYSM1		-1.5239923	
PRPF39		-1.5260773	
LINC01277		-1.5286132	
SMUG1		-1.5295157	
GLRX3		-1.5300332	
RSPH3		-1.532163	
CBX1		-1.5332344	
RP11-13A1.1		-1.5340765	
HMGN3		-1.5349358	
NAA38		-1.5364573	
PAIP2		-1.5366228	
HOXA2		-1.5375236	
FANCM		-1.539476	
MIR142		-1.5482986	
ISCU		-1.5498016	
RP11-85K15.3		-1.551094	
HSP90AB1		-1.5554367	
SNRPD1		-1.5555599	
PARP8		-1.5608445	
FDPS		-1.5615573	
MRPL36		-1.562106	
PMPCB		-1.5629979	
RP1-56K13.2		-1.5640602	
RP11-481C4.2		-1.5644826	
ACTBP8		-1.5654402	
NIPAL3		-1.5698149	
JARID2		-1.5730052	
RERE		-1.5730668	
ALOX12-AS1		-1.5825042	
ZNF415P1		-1.5831336	
RANBP9		-1.5846919	
MXI1		-1.5868043	
CCNT1		-1.5884678	
BTG2		-1.5886497	
RPP38		-1.5924982	
RPL3		-1.5993965	
CTD-2302E22.4		-1.5998504	
HERC1		-1.6041393	
BAG6		-1.6041756	
TBCC		-1.6051128	
RP11-154D6.1		-1.6056322	
IKBIP		-1.6184791	
PPP1R3E		-1.6218597	
SSBP1		-1.6222066	
HAUS1P1		-1.6262554	
PSMG4		-1.6270776	
RP11-64C12.3		-1.6281706	
RP11-1094M14.11		-1.6297139	
RP11-421F16.3		-1.6322478	
RP11-7F17.8		-1.6335036	
THAP9-AS1		-1.6399965	
RP11-619I22.1		-1.6447171	
AVIL		-1.645742	
CFAP58		-1.6488198	
CYP2D7		-1.6569946	
Metazoa_SRP		-1.657143	
THOC1		-1.6580011	
S100Z		-1.6605735	
CBX3P2		-1.6638843	
NR3C1		-1.6744138	
MIR3939		-1.6745622	
JMJD1C		-1.6768132	
CCL2		-1.6791792	
HIST1H4C		-1.6832213	
PFAS		-1.6833991	
DPY30		-1.6836845	
CYSLTR1		-1.6853316	
RP11-213H15.1		-1.6876384	
MGAT5		-1.687689	
RP11-421E14.2		-1.6877846	
KANSL1-AS1		-1.689349	
TRPM7		-1.6904639	
ZMIZ1		-1.6910292	
VDAC2		-1.7000318	
HVCN1		-1.7028984	
RPS24		-1.7079989	
NEMF		-1.708554	
RP13-104F24.2		-1.7166749	
GAPDHP42		-1.7178109	
SIVA1		-1.727632	
CTA-29F11.1		-1.7276388	
RPL36AL		-1.7280433	
CASP8AP2		-1.7301388	
CTC-463A16.1		-1.7394705	
NHS		-1.74316	
ANAPC11		-1.7439235	
POU2F2		-1.7439604	
PRORSD1P		-1.7503682	
AC116366.6		-1.751414	
RFTN2		-1.7536663	
TMLHE		-1.7576685	
RGL2		-1.759547	
VPS53		-1.7601233	
H2AFV		-1.7607758	
NDUFA6		-1.7612658	
LYRM2		-1.7622775	
ARID4B		-1.7727383	
RP11-405M12.3		-1.7727808	
RPL27		-1.7737964	
EIF4ENIF1		-1.7738626	
POP5		-1.776726	
THAP2		-1.7769028	
HLA-DMA		-1.7822838	
DDX52		-1.7900157	
RNA5SP383		-1.7908577	
UQCR10		-1.7983336	
RBM15		-1.803438	
RPS7		-1.8074089	
OGFRL1		-1.8147877	
TPT1		-1.8151706	
SS18L2		-1.8173891	
AIRN		-1.8189706	
SSR4		-1.8325781	
SASS6		-1.8340338	
SGK1		-1.8355948	
COX6A1		-1.8422267	
NPM1P37		-1.842719	
RP11-46H11.11		-1.8484727	
SNX18		-1.8546152	
ZNF674-AS1		-1.8556874	
C1orf27		-1.8613373	
MSRB2		-1.8686202	
TBC1D15		-1.8689028	
SMCHD1		-1.8721536	
MIRLET7BHG		-1.8778782	
SUGT1		-1.8806125	
DNAJC2		-1.8827562	
TM9SF3		-1.883988	
FAM168B		-1.8895636	
FAM21A		-1.8910577	
INO80C		-1.8910844	
NDUFB8		-1.8961337	
HIST1H1T		-1.8976259	
SDF2L1		-1.907943	
FMR1-IT1		-1.9149125	
MRNIP		-1.9183459	
C10orf105		-1.9200894	
MED8		-1.9212896	
CHMP4A		-1.9276625	
EIF2AK4		-1.9343686	
ZNF33B		-1.9405318	
ADAP2		-1.9429173	
IER5		-1.9437348	
DYNC1H1		-1.9544723	
ZMAT1		-1.9581181	
AHCTF1		-1.964959	
CEP95		-1.9658351	
PLEKHM1P1		-1.9677136	
CDH23		-1.9687487	
MAPKAPK5-AS1		-1.9709426	
STAT6		-1.9735813	
MRPL32		-1.9774071	
BUD31		-1.9777789	
NDUFV2-AS1		-1.9827807	
CCDC17		-1.98456	
RPS14		-1.9865619	
PCID2		-1.9866195	
LRRC37A3		-1.9908991	
C5orf58		-1.9972919	
RPSAP36		-2.0042274	
CNTD1		-2.0047102	
CTD-2020K17.1		-2.0048642	
RP4-647C14.3		-2.0140529	
CTD-2165H16.3		-2.0257046	
MIR22HG		-2.0606425	
NOLC1		-2.0625176	
AGER		-2.0631158	
WBSCR22		-2.0676146	
RNA5SP207		-2.0784833	
RP1-102E24.8		-2.0813112	
GON7		-2.0814097	
HCFC1		-2.0934498	
RP11-7F17.5		-2.1010787	
MRPL57		-2.1048942	
HMGN5		-2.1061761	
TAF9		-2.1075623	
FAM19A2		-2.1100783	
TET2-AS1		-2.1266327	
EEF1DP7		-2.1308389	
GOSR1		-2.1335802	
HLA-DRB1		-2.1350088	
PDCD6		-2.1367614	
RN7SL382P		-2.1371362	
BTAF1		-2.137902	
ELL2		-2.139119	
RAN		-2.1490054	
MAML1		-2.1666422	
HCG18		-2.1693316	
RP11-43D4.2		-2.1736577	
GLIPR1		-2.1748421	
MPHOSPH8		-2.174926	
CNNM2		-2.1750066	
SNRPC		-2.18843	
YBX1		-2.1892238	
RP11-887P2.6		-2.2087464	
RP1-60N8.1		-2.21215	
RPL21P123		-2.21675	
MGEA5		-2.226439	
RP11-174G6.5		-2.2317553	
RP13-128O4.3		-2.2327068	
RP11-713N11.6		-2.2343369	
MRPL27		-2.2364275	
TMLHE-AS1		-2.2399156	
BLZF2P		-2.2408044	
ANKRD12		-2.260583	
PTRH2		-2.277561	
RP11-629N8.4		-2.28224	
HAUS1		-2.2825785	
IFT20		-2.2853553	
NKAPL		-2.287988	
CCL4L2		-2.2896543	
AKAP17A		-2.3214023	
C6orf163		-2.323487	
BCCIP		-2.3526409	
CCDC59		-2.366944	
HIST1H2BC		-2.3770347	
DNAJC9		-2.3815777	
LINC00910		-2.386968	
RP11-930O11.3		-2.4150946	
PEMT		-2.4243028	
RP11-881L2.1		-2.4268954	
ANKHD1-EIF4EBP3		-2.4323528	
SARNP		-2.434724	
BTN2A3P		-2.4411354	
PFDN2		-2.4413893	
LINC00173		-2.443835	
CREBRF		-2.4452739	
APOBEC2		-2.4527404	
UQCRQ		-2.4611347	
PMS2		-2.4734359	
CLN6		-2.4791222	
SNRPA1		-2.4846604	
RP11-713N11.4		-2.4850159	
MRPL42		-2.4946063	
DDX20		-2.5150285	
SUZ12P1		-2.5378144	
LRRC37A2		-2.5439517	
RP11-807C20.2		-2.5830574	
ARL16		-2.5841236	
MRPS18B		-2.5932217	
RICTOR		-2.6074705	
RP11-589P10.5		-2.614895	
CDK5RAP3		-2.6176646	
PMAIP1		-2.630143	
CCL3L3		-2.6676424	
DUT		-2.6783834	
CTC-534A2.2		-2.7034056	
SEC11C		-2.708429	
RP11-574K11.5		-2.733219	
RP11-513G19.1		-2.7465887	
RP11-720N19.1		-2.7725704	
RP11-560J1.2		-2.7756457	
BUB3		-2.8392515	
LUC7L3		-2.8557537	
UBE3B		-2.902526	
INO80		-2.9238946	
RP11-21K12.2		-2.935718	
RP11-2H8.4		-2.9424987	
AC004069.2		-2.9450607	
RP11-215P8.3		-2.9592574	
DDIT3		-3.0058448	
RP11-115H15.2		-3.0334647	
RNU6ATAC39P		-3.0403495	
LUCAT1		-3.0652692	
PNISR		-3.0718179	
RP11-1C1.5		-3.0797813	
SDCCAG8		-3.1550548	
ADK		-3.2030804	
RP1-313I6.12		-3.45568	
RPP21		-3.4570243	
CTC-236F12.4		-3.571958	
UTP6		-3.7289724	
SLC12A1		-3.888251	
RP4-605O3.4		-4.761766	
